id,name,supermarket,zip_code,price,url,category
25869112,Margarina Flora Original,mercadona.es,28020,3.45,https://static.carrefour.es/hd_350x_/img_pim_food/057274_00_1.jpg,huevos_leche_y_mantequilla|mantequilla_y_margarina
25855500,Nuggets de pechuga de pollo 250 g,carrefour.es,28020,3.1,https://static.carrefour.es/hd_350x_/img_pim_food/214899_00_1.jpg,productos_frescos|platos_preparados|fritos
25867724,Mejillones picantes en escabeche Hacendado peque絪s,mercadona.es,28020,1.65,https://prod-mercadona.imgix.net/images/92e59291ce2b46407f002e2cf365f631.jpg?fit=crop&h=600&w=600,conservas_caldos_y_cremas|berberechos_y_mejillones
25862155,CARRETILLA esparragos blancos extra 8/12 lata 150 gr,dia.es,28020,3.05,https://www.dia.es/product_images/6244/6244_ISO_0_ES.jpg?imwidth=392,despensa|conservas|conservas_vegetales
25861733,DIA ICEBERG chicle sabor sanda sin azucar bolsa 45 gr,dia.es,28020,0.99,https://a1.soysuper.com/b5ff44db81c3b011ead3408017797137.1500.0.0.0.wmark.d93162e0.jpg,despensa|desayunos_y_dulces|caramelos_chicles_y_golosinas
25859028,Pacharan De Nuestra Tierra 70 cl.,carrefour.es,28020,12.38,https://static.carrefour.es/hd_510x_/img_pim_food/850416_00_1.jpg,bebidas|licores_y_cremas|pacharan
25867341,Queso rallado emmental gratinar Hacendado,mercadona.es,28020,1.73,https://a0.soysuper.com/52c6910aca9a55e139d782f6c69c2616.1500.0.0.0.wmark.99d446da.jpg,charcuteria_y_quesos|queso_lonchas_rallado_y_en_porciones
25864731,DIA estropajo salva u人s fibra blanca para ba絪 paquete 2 uds,dia.es,28020,1.15,https://www.dia.es/product_images/6114/6114_ISO_0_ES.jpg?imwidth=392,cuidado_del_hogar|utensilios_de_limpieza
25870689,Zumo de pi人 seleccion Hacendado,mercadona.es,28020,1.95,https://prod-mercadona.imgix.net/images/6b68e5823056f3f492914481d29cff2e.jpg?fit=crop&h=600&w=600,zumos|melocoton_y_pina
25862506,GALLINA BLANCA salsa pimienta verde sobre 50 gr,dia.es,28020,1.7,https://www.dia.es/product_images/22568/22568_ISO_0_ES.jpg?imwidth=392,despensa|salsas|mayonesa_y_otras_salsas
25858723,Bebida espirituosa Terry Centenario 1 l.,carrefour.es,28020,9.35,https://static.carrefour.es/hd_350x_/img_pim_food/819231_00_1.jpg,bebidas|alcoholes|brandy_y_conac
25866327,Cerveza reserva 1925 Alhambra,mercadona.es,28020,1.31,https://prod-mercadona.imgix.net/images/2fe6db8b23509465c0c3cace36af85d5.jpg?fit=crop&h=600&w=600,bodega|cerveza
25862170,DESTAPA LA HUERTA pimientos del piquillo rojos y verdes en tiras frasco 270 gr,dia.es,28020,1.85,https://www.dia.es/product_images/283026/283026_LAT_0_ES.jpg,despensa|conservas|conservas_vegetales
25855748,Arroz redondo Sos 1 kg.,carrefour.es,28020,1.8https://static.carrefour.es/hd_510x_/img_pim_food/002277_00_1.jpg,la_despensa|alimentacion|arroz_y_cous_cous
25866811,Lomo de cerdo iberico,mercadona.es,28020,6.26,https://prod-mercadona.imgix.net/images/c9659de97e441fcafd10953dba2acea0.jpg?fit=crop&h=600&w=600,carne|cerdo
25858606,Zumo de fruta y leche Carrefour Tropical pack de 6 briks de 20 cl.,carrefour.es,28020,1.19,https://static.carrefour.es/hd_510x_/img_pim_food/837366_00_1.jpg,bebidas|aguas_y_zumos|zumos_no_refrigerados
25866308,Cerveza Suave Steinburg,mercadona.es,28020,0.29,https://prod-mercadona.imgix.net/images/fcfd89d5896bc4b8f7cfa825964b2d96.jpg?fit=crop&h=300&w=300,bodega|cerveza
"25860089,""Tabletas limpiadoras para protesis dentales, ferulas dentales y ortodoncias Oxigeno Activo Corega 108 ud."",carrefour.es,28020,17.19,https://static.carrefour.es/hd_510x_/img_pim_food/671015_00_1.jpg,parafarmacia|higiene_bucal|cuidado_y_fijacion_protesis_dentales"
25857123,Masa para empanadillas y postres Buitoni sin lactosa 160 g.,carrefour.es,28020,1.1,https://yourspanishcorner.com/4929-large_default/masa-para-empanadillas-y-postres-buitoni-160-g.jpg,la_despensa|panaderia_bolleria_y_pasteleria|masa_fresca_y_bases
25864926,MISTOL lavavajillas mano ultra plus botella 650 ml,dia.es,28020,2.49,https://supermercado.eroski.es/images/24537110.jpg,cuidado_del_hogar|lavavajillas
25864306,COLGATE cepillo dental 360 max white medio 1 ud,dia.es,28020,4.29,https://static.carrefour.es/hd_510x_/img_pim_food/927281_00_1.jpg,cuidado_personal|cuidado_bucal
25858138,Helado de chocolate 1 l.,carrefour.es,28020,1.65,https://static.carrefour.es/hd_510x_/img_pim_food/024031_00_1.jpg,congelados|helados|tarrinas
25859339,Insecticida moscas y mosquitos Carrefour 750 ml.,carrefour.es,28020,2.19,https://static.carrefour.es/hd_510x_/img_pim_food/231443_00_1.jpg,limpieza_y_hogar|productos_para_toda_la_casa|insecticidas
25864606,DIA PLANETA BEBE pa人les 8-15 kgs talla 4 paquete 88 uds,dia.es,28020,14.75https://www.dia.es/product_images/268408/268408_ISO_0_ES.jpg,bebe|panales
25870304,Picos Hacendado,mercadona.es,28020,0.85,https://a0.soysuper.com/84981cbb3c624c3de5c8362d8d707a65.1500.0.0.0.wmark.5b6a6538.jpg,panaderia_y_pasteleria|picos_rosquilletas_y_picatostes
25863202,PEPSI zero azucar sabor lima lata 33 cl,dia.es,28020,0.85,https://www.compraonline.alcampo.es/images-v3/37ea0506-72ec-4543-93c8-a77bb916ec12/921bd61c-7b76-465f-a75f-ffefd8f04030/500x500.jpg,bebidas|refrescos
25862904,SOLAN DE CABRAS agua mineral natural botella 5 lt,dia.es,28020,2.49,https://sgfm.elcorteingles.es/SGFM/dctm/MEDIA03/202205/26/00118630400507____5__600x600.jpg,bebidas|aguas
25864172,NB PALMOLIVE gel de ducha leche y miel bote 550 ml,dia.es,28020,3.19,https://a1.soysuper.com/ac6ac99befea3146d1e789e5c4259efd.1500.0.0.0.wmark.81450412.jpg,cuidado_personal|bano_e_higiene_personal|geles_de_duchas_y_esponjas
25861995,HORNIMANS te rojo con anis y un toque de ciruela estuche 20 bolsitas,dia.es,28020,2.95https://sgfm.elcorteingles.es/SGFM/dctm/MEDIA03/202404/02/00120648300539____16__600x600.jpg,despensa|desayunos_y_dulces|infusiones
25863773,DIA PATATAS UNIDAS patatas gajo bolsa 750 gr,dia.es,28020,1.99,https://a2.soysuper.com/0449004b9a1fee8971c589e2f867df43.1500.0.0.0.wmark.855d7430.jpg,congelados|verduras_y_hortalizas
25859318,LEJIA HOGAR CARREFOUR 5LT,carrefour.es,28020,1.99,https://static.carrefour.es/hd_510x_/img_pim_food/436518_00_1.jpg,limpieza_y_hogar|productos_para_toda_la_casa|lejias_y_amoniacos
25864994,PATO gel limpiador wc 3 en 1 oceano botella 750 ml,dia.es,28020,2.99,https://www.dia.es/product_images/1856/1856_FRO_0_ES.jpg,cuidado_del_hogar|productos_de_limpieza|bano
25866666,Infusion Cola de caballo Hacendado,mercadona.es,28020,1.25,https://prod-mercadona.imgix.net/images/d8b93a8489a4bdd323bc36aec4505ced.jpg?fit=crop&h=300&w=300,cacao_cafe_e_infusiones|te_e_infusiones
25870190,Barra de pan rustica,mercadona.es,28020,0.58,https://prod-mercadona.imgix.net/images/f2c461ca72260e92cd55bda23e266256.jpg?fit=crop&h=600&w=600,panaderia_y_pasteleria|pan_de_horno
25860874,LA GERGALE헤 tomate natural rallado tarrina 200 gr,dia.es,28020,1.29,https://www.dia.es/product_images/278354/278354_ISO_0_ES.jpg,frescos|verduras_y_hortalizas|tomates_pimientos_y_pepinos
25869462,Papel Multiusos Resistente Bosque Verde,mercadona.es,28020,3.6,https://prod-mercadona.imgix.net/images/68a9193c73346578a71a679044434f6f.jpg?fit=crop&h=600&w=600,limpieza_y_hogar|papel_higienico_y_celulosa
25862440,LA ESPA헲LA aceite de oliva virgen extra botella 500 ml,dia.es,28020,4.66,https://distribucionesplata.com/tienda/17580-thickbox_default/aceite-oliva-espanola-virextpet-500-ml.jpg,despensa|aceites_vinagres_y_alinos|aceites
25868262,Desodorante roll-on sensitive Byly,mercadona.es,28020,1.7,https://www.delauz.es/documents/10180/12111/8411104038561_M.jpg,cuidado_facial_y_corporal|desodorante
25859494,Ambientador elecctrico nubes de algodon recambio Ambi Pur 1 ud.,carrefour.es,28020,4.59,https://supermercado.eroski.es/images/15786437.jpg,limpieza_y_hogar|ambientadores|electricos
25865742,Pepinillos peque絪s Hacendado,mercadona.es,28020,1.5https://prod-mercadona.imgix.net/images/06ba5bddab051eb72604fd4e57a27e64.jpg?fit=crop&h=600&w=600,aperitivos|aceitunas_y_encurtidos
25866336,Cerveza Heineken,mercadona.es,28020,0.7,https://www.encopadebalon.com/cdn/shop/products/en-copa-de-balon-simple-default-title-cerveza-heineken-pack-24-botella-33cl-56493343080785_grande.jpg?v=1743413748,bodega|cerveza
25863741,DIA MARI MARINERA caprichos a la romana bolsa 400 gr,dia.es,28020,1.89,https://www.dia.es/product_images/41097/41097_ISO_0_ES.jpg,congelados|pescado_y_marisco
25863484,CAMPO CURERO vino tinto roble DO Toro botella 75 cl,dia.es,28020,2.99,https://m.media-amazon.com/images/I/51KEhrvtxTL.jpg,bodega|vino|tinto
25854444,Pierna de cordero lechal Cordero 650 g aprox AC,carrefour.es,28020,14.23,https://static.carrefour.es/hd_510x_/img_pim_food/397479_00_1.jpg,productos_frescos|carniceria|cordero
25863146,NESTEA refresco de te al limon sin azucar lata 33 cl,dia.es,28020,0.8,https://yourspanishcorner.com/16474-large_default/nestea-al-limon-lata-33-cl.jpg,bebidas|refrescos
25864378,LUXIDERMA calcetin exfoliante para pies envase 2 uds,dia.es,28020,6.99,https://www.ahorramas.com/on/demandware.static/-/Sites-ahorramas-master/default/dwa870581f/Assets/062810_C1C1/large/4/9/c/4/49c446d74c811e1c1509f662d161ec2cb692e19f_062810_C1C1.jpg,cuidado_personal|cuidado_corporal|cuidado_de_manos_y_pies
25864454,DIA IMAQE discos de algodon ovalados bolsa 70 uds,dia.es,28020,1.25,https://www.dia.es/product_images/283888/283888_ISO_0_ES.jpg?imwidth=392,cuidado_personal|cuidado_corporal|limpieza_facial
25869502,Fregona Microfibra Resistente Bosque Verde,mercadona.es,28020,3.8,https://a0.soysuper.com/dc6faa3ac4ba1e63147e778e0f2154d3.1500.0.0.0.wmark.8cc36b59.jpg,limpieza_y_hogar|utensilios_de_limpieza_y_calzado
"25859299,""Fregasuelos aroma pino Essential Carrefour 1,5 l."",carrefour.es,28020,0.99,https://static.carrefour.es/hd_510x_/img_pim_food/675797_00_1.jpg,limpieza_y_hogar|productos_para_toda_la_casa|suelos"
25862597,CARMENCITA oregano frasco 7 gr,dia.es,28020,1.95,https://media.verdecora.es/1246070-pdt_540/oregano-carmencita-tarro-cristal.jpg,despensa|sal_y_especias
25860934,ASTURIANA leche desnatada 0% M.G. sin lactosa envase 1 lt,dia.es,28020,1.19,https://m.media-amazon.com/images/I/71WnSfHavTL.__AC_SX300_SY300_QL70_ML2_.jpg,despensa|lacteos_y_huevos|leche
25860887,Sopa juliana deshidratada bandeja 100 gr,dia.es,28020,2.36,https://www.dia.es/product_images/50310/50310_ISO_0_ES.jpg,frescos|verduras_y_hortalizas|verduras_y_ensaladas_preparadas
25862257,EL PAVO cannelloni clasico caja 125 gr,dia.es,28020,1.25,https://www.dia.es/product_images/45244/45244_ISO_0_ES.jpg,despensa|pastas_harinas_y_masas|pastas
25866704,Filetes pechuga de pavo Procavi corte fino,mercadona.es,28020,5.81,https://coopsanjosenules.es/wp-content/uploads/2e379318dd7209e086183570fccb208d.jpg,carne|aves_y_pollo
25865327,GOURMET mousse para gatos de salm칩n pack 4 x 57 gr,dia.es,28020,3.59,https://canbanach.es/1131-large_default/gourmet-revelations-salmon-4-x-57-gr.jpg,mascotas|gatos
25858240,Fanta de limon Zero lata 33 cl.,carrefour.es,28020,0.7,https://5sentidos.es/wp-content/uploads/2023/03/fantalimonzerolata33cl.jpg,bebidas|refrescos|sabores_con_gas
25868902,Pepino,mercadona.es,28020,0.36,https://www.recetasnestle.cl/sites/default/files/inline-images/que-es-el-pepino.jpg,fruta_y_verdura|verdura
25870588,Yogur griego con chocolate Valor Oikos Danone,mercadona.es,28020,1.7,https://m.media-amazon.com/images/I/61mXjdlbz2L._AC_SL1500_.jpg,postres_y_yogures|yogures_griegos
25868077,Lote corporal hombre Axe Dark temptation,mercadona.es,28020,11,https://cdn.notinoimg.com/detail_main_lq/axe/8720182851833_01/dark-temptation-dark-chocolate___240930.jpg,cuidado_facial_y_corporal|afeitado_y_cuidado_para_hombre
25855505,Preparado para fajitas Surinver 230 g,carrefour.es,28020,1.99,https://sgfm.elcorteingles.es/SGFM/dctm/MEDIA03/202304/14/00118160102838____2__600x600.jpg,productos_frescos|platos_preparados|platos_de_verdura
25862198,ANETO caldo de pollo bajo en sal envase 1 lt,dia.es,28020,3.99,https://static.condisline.com/resize_395x416/images/catalog/large/116089.jpg,despensa|sopas|caldos
"25858339,""Carrefour te de melocoton botella 1,5 l."",carrefour.es,28020,0.95,https://static.carrefour.es/hd_1500x_/img_pim_food/256378_00_1.jpg,bebidas|refrescos|te"
25855855,Levadura de cerveza desamargada Carrefour 150 g.,carrefour.es,28020,4.95,https://a0.soysuper.com/769fee20040b93328e671a86a93ecb20.340.340.0.min.wmark.564a1337.jpg,la_despensa|alimentacion|vitaminas_y_complementos
25866275,Toallitas bebe pieles con tendencia atopica Deliplus,mercadona.es,28020,1.7,https://prod-mercadona.imgix.net/images/071d1ab6e1365ea833fb2b85057a0395.jpg?fit=crop&h=600&w=600,bebe|toallitas_y_panales
25868310,Gel-Champan de ba絪 dermoprotector Deliplus para cuerpo y cabello,mercadona.es,28020,1,https://prod-mercadona.imgix.net/images/2fcd80aa4cef88c104447756eb38f310.jpg?fit=crop&h=600&w=600,cuidado_facial_y_corporal|gel_y_jabon_de_manos
25861166,DIA CAPRICHOSO natillas de chocolate con bizcocho pack 4 unidades 125 gr,dia.es,28020,1.65,https://www.dia.es/product_images/219104/219104_ISO_0_ES.jpg,despensa|lacteos_y_huevos|postres
25869614,Perfilador de labios Long Lasting Deliplus 01 rosa nude,mercadona.es,28020,2.5,https://prod-mercadona.imgix.net/images/4dcda793dfeed0e0ef4d543141b3e69d.jpg?fit=crop&h=600&w=600,maquillaje|labios
25869381,Algodon magico Aladdin,mercadona.es,28020,3.8,https://m.media-amazon.com/images/I/41qGAsIIcQL._AC_.jpg,limpieza_y_hogar|limpieza_muebles_y_multiusos
25858899,Vino blanco brik 1 l.,carrefour.es,28020,0.89,https://static.carrefour.es/hd_510x_/img_pim_food/513373_00_1.jpg,bebidas|vinos|de_mesa
25869044,Bebida de almendras zero Hacendado,mercadona.es,28020,1.45,https://prod-mercadona.imgix.net/images/27f6eb89ac6b029a365db75392df373a.jpg?fit=crop&h=600&w=600,huevos_leche_y_mantequilla|leche_y_bebidas_vegetales
25866119,Crema de leche y avellanas Hacendado,mercadona.es,28020,2.9,https://novum.es/wp-content/uploads/crema-avellanas-mercadona.jpg,azucar_caramelos_y_chocolate|chocolate
25869007,Leche desnatada Pascual,mercadona.es,28020,7.74,https://www.dia.es/product_images/73678P6/73678P6_ISO_0_ES.jpg,huevos_leche_y_mantequilla|leche_y_bebidas_vegetales
25868925,Champi絪n grande,mercadona.es,28020,1.97,https://prod-mercadona.imgix.net/images/4920b19b6bc77098a6a4f9350b3539df.jpg?fit=crop&h=600&w=600,fruta_y_verdura|verdura
25869608,Polvo compacto Balm Me Deliplus 03 siena,mercadona.es,28020,5.5,https://coopsanjosenules.es/wp-content/uploads/dd5af60e552f06e6b9cb632576a5c898.jpg,maquillaje|colorete_y_polvos
25859586,Crema autobrillante c/aplicador burdeos Carrefour 50 ml.,carrefour.es,28020,2.05,https://static.carrefour.es/hd_510x_/img_pim_food/360588_00_1.jpg,limpieza_y_hogar|calzado|crema
25868588,Lote mujer Chanson d'Eau,mercadona.es,28020,10,https://seatcienfuegos.es/wp-content/uploads/2024/09/Lote-mujer-Chanson-dEau.jpg,cuidado_facial_y_corporal|perfume_y_colonia
25860615,ELPOZO imperial con pavo pieza 230 gr,dia.es,28020,3.45,https://www.dia.es/product_images/42200/42200_ISO_0_ES.jpg,frescos|charcuteria_y_quesos|curados
25866892,Filetes higado de vacuno a絪jo,mercadona.es,28020,5.52,https://prod-mercadona.imgix.net/images/3153544e2b31d8a3139d0b9e968cca00.jpg?fit=crop&h=600&w=600,carne|vacuno
25863650,DIA AL PUNTO quinoa con verduras bolsa 400 gr,dia.es,28020,2.29,https://www.dia.es/product_images/267140/267140_ISO_0_ES.jpg,congelados|precocinados
25861853,VALOR chocolate negro 70% con galleta belga tableta 200 gr,dia.es,28020,2.79,https://www.dia.es/product_images/282312/282312_ISO_0_ES.jpg,despensa|desayunos_y_dulces|chocolates_y_bombones
25860567,PAVOFRIO fiambre de pechuga de pavo en lonchas sobre 70 gr,dia.es,28020,1,https://www.dia.es/product_images/125952/125952_ISO_0_ES.jpg?imwidth=392,frescos|charcuteria_y_quesos|cocidos
25861887,COLACAO cacao soluble instantaneo turbo bote 750 gr,dia.es,28020,6.19,https://sgfm.elcorteingles.es/SGFM/dctm/MEDIA03/202108/02/00120646400950____14__600x600.jpg,despensa|desayunos_y_dulces|cacao_y_cremas_de_cacao
25863170,KAS bitter lata 33 cl,dia.es,28020,0.89,https://www.dia.es/product_images/60725/60725_ISO_0_ES.jpg?imwidth=392,bebidas|refrescos
25865493,Salsa fresca Carbonara Bendita,mercadona.es,28020,1.6,https://ofertassupermercados.es/wp-content/uploads/2024/02/Salsa-fresca-Carbonara-Bendita-Mercadona.jpg,aceite_especias_y_salsas|otras_salsas
25861948,ROYAL gelatina light sabor fresa 0% azucares caja 31 gr,dia.es,28020,2.8,https://ibersuper.pt/2974-medium_default/gelatina-0-azucar-fresa-royal-31-gr.jpg,despensa|desayunos_y_dulces|preparacion_de_postres
25868470,Tampones super plus Deliplus 100% algodon,mercadona.es,28020,2.55,https://prod-mercadona.imgix.net/images/c6f365ea11c25cda67e9e7ea639e3c61.jpg?fit=crop&h=600&w=600,cuidado_facial_y_corporal|higiene_intima
25865526,Agua mineral peque人 Fondetal,mercadona.es,28020,0.25,https://www.provecaex.com/inicio/6487-medium_default/aguamineralfondetalbotellapet330ml.jpg,agua_y_refrescos|agua
25868252,Recambios maquinilla depilacion Venus Snap Extra Smooth Gillette 5 hojas,mercadona.es,28020,9.95,https://m.media-amazon.com/images/I/51FrRmgMX8L._AC_.jpg,cuidado_facial_y_corporal|depilacion
25863769,CONGELADOS DE NAVARRA arandanos bolsa 300 gr,dia.es,28020,2.11,https://www.dia.es/product_images/290109/290109_ISO_0_ES.jpg?imwidth=392,congelados|verduras_y_hortalizas
25864660,NATIVA leche crecimiento con galleta Maria +12 meses envase 1 lt,dia.es,28020,1.99,https://static.carrefour.es/hd_510x_/img_pim_food/764863_00_1.jpg,bebe|leche_para_bebes
"25859914,""Aromatizante de Pino para Arena de Gato 750 gr, Carrefour"",carrefour.es,28020,4.5,https://storage.googleapis.com/catalog-pictures-carrefour-es/catalog/pictures/hd_510x_/8440000153627_1.jpg,mascotas|gatos|accesorios_e_higiene"
25862607,DANI ajo y perejil frasco 150 gr,dia.es,28020,4.05,https://www.dia.es/product_images/263633/263633_ISO_0_ES.jpg,despensa|sal_y_especias
25865445,Sazonador ensalada Hacendado,mercadona.es,28020,2.6,https://tienda.mercadona.es/product/37405/sazonador-ensalada-hacendado-bote,aceite_especias_y_salsas|especias
25860584,ELPOZO pechuga de pavo en finas lonchas envase 115 gr,dia.es,28020,1.5,https://sgfm.elcorteingles.es/SGFM/dctm/MEDIA03/202409/06/00118384601466____3__325x325.jpg,frescos|charcuteria_y_quesos|cocidos
25867316,Queso Maasdam Holland Corona,mercadona.es,28020,3.51,https://prod-mercadona.imgix.net/images/4c4553f602e70ffccb2fb128c705b2ae.jpg?fit=crop&h=600&w=600,charcuteria_y_quesos|queso_curado_semicurado_y_tierno
25863557,RIO SECO vino blanco sauvignon DO Rueda botella 75 cl,dia.es,28020,3.49,https://www.dia.es/product_images/265816/265816_ISO_0_ES.jpg,bodega|vino|blanco
25868639,Lote hombre Don Algodon,mercadona.es,28020,11.95,https://www.druni.es/media/catalog/product/1/4/1443314.jpg,cuidado_facial_y_corporal|perfume_y_colonia
25861573,DIA CAFETERIA cafe soluble crema frasco 100 gr,dia.es,28020,2.65,https://www.dia.es/product_images/203923/203923_ISO_0_ES.jpg,despensa|desayunos_y_dulces|cafe
"25869976,""Comida gato esterilizado light Compy con pollo, frutas y verduras"",mercadona.es,28020,3.6,https://prod-mercadona.imgix.net/images/cea8b1100d8add9bd7c7ef17589a7c33.jpg?fit=crop&h=600&w=600,mascotas|gato"
25866338,Cerveza tostada Mahou,mercadona.es,28020,0.82,https://almacenesrf.com/25-large_default/mahou-00-tostada-33-cl.jpg,bodega|cerveza
25864541,AUSONIA compresas noche con alas mas larga bolsa 9 uds,dia.es,28020,2.26,https://assets.supermercadosmas.com/img/615x615/product/image/171204/171204.jpg?v22,cuidado_personal|cuidado_intimo
25867977,Mascarilla cabello Reviva rubio miel Deliplus,mercadona.es,28020,2.1,https://madridentercera.es/wp-content/uploads/2024/07/Mascarilla-cabello-Reviva-rubio-miel-Deliplus.jpg,cuidado_del_cabello|coloracion_cabello
25870119,Bizcochos Hacendado,mercadona.es,28020,1.8,https://prod-mercadona.imgix.net/images/4fba1503f1b274ccc7be9f90f5c05bf4.jpg?fit=crop&h=600&w=600,panaderia_y_pasteleria|bolleria_envasada
25854570,Bacalao desalado desmigado procedente de pesca sostenible Carrefour 250 g.,carrefour.es,28020,4.15,https://static.carrefour.es/hd_510x_/img_pim_food/965241_00_1.jpg,productos_frescos|pescaderia|bacalao_y_salazones
25863409,J&B whisky botella 70 cl,dia.es,28020,12.5,https://www.dia.es/product_images/947/947_ISO_0_ES.jpg?imwidth=392,bodega|alcoholes|whisky
"25854850,""Tarta Profiteroles 1,2 kg"",carrefour.es,28020,11.99,https://a1.soysuper.com/eb302309b3a548841fc678f60919e39a.1500.0.0.0.wmark.c81af955.jpg,productos_frescos|panaderia_tradicional|pasteleria_y_reposteria"
25866788,Lomo de cerdo adobado,mercadona.es,28020,3.27,https://prod-mercadona.imgix.net/images/ea50f7da52090f60c39a191a2cbab19f.jpg?fit=crop&h=600&w=600,carne|cerdo
25865395,Hierbas provenzales Hacendado,mercadona.es,28020,1.1,https://prod-mercadona.imgix.net/images/75ea233839587117b294f2d15027f57a.jpg?fit=crop&h=600&w=600,aceite_especias_y_salsas|especias
25868224,Serum facial acido Hialuronico y Ceramidas Hidrata Deliplus,mercadona.es,28020,6.0,https://prod-mercadona.imgix.net/images/417a335e2cf9e49c883ec654f7eedb29.jpg?fit=crop&h=600&w=600,cuidado_facial_y_corporal|cuidado_e_higiene_facial
25862338,DIA harina de fuerza paquete 1 Kg,dia.es,28020,0.92,https://www.dia.es/product_images/207695/207695_ISO_0_ES.jpg,despensa|pastas_harinas_y_masas|harinas_y_levaduras
25870492,Sandwich pollo y queso Hacendado,mercadona.es,28020,1.95,https://prod-mercadona.imgix.net/images/3c0f5345b7ef551bdde75645317eea1e.jpg?fit=crop&h=600&w=600,pizzas_y_platos_preparados|platos_preparados_frios
25866960,Muesli Crunchy Hacendado con chocolate,mercadona.es,28020,2.1,https://prod-mercadona.imgix.net/images/3d93c78bdee2295299fbdca9332e7439.jpg?fit=crop&h=600&w=600,cereales_y_galletas|cereales
25861257,DIA GALLETECA galletas mini cacao rellena de nata bolsa 100 gr,dia.es,28020,0.75,https://www.dia.es/product_images/236662/236662_ISO_0_ES.jpg,despensa|desayunos_y_dulces|galletas
25862448,LA MASIA aceite de girasol botella 5 lt,dia.es,28020,13.35,https://www.dia.es/product_images/282336/282336_ISO_0_ES.jpg,despensa|aceites_vinagres_y_alinos|aceites
25864347,COLGATE pasta dentifrica blanqueante tubo 75 ml,dia.es,28020,2.59,https://sgfm.elcorteingles.es/SGFM/dctm/MEDIA03/202409/25/00155752101844____29__600x600.jpg,cuidado_personal|cuidado_bucal
25854385,Chuletas de Pavo Marinadas al Ajillo Carrefour 450 g aprox,carrefour.es,28020,3.15,https://storage.googleapis.com/realfooding-app.appspot.com/products/2953238000008/2953238000008_thumb.jpg?alt=media&token=1718771353692,productos_frescos|carniceria|aves_y_pollo
25861720,SOLANO caramelos duros tradicionales bolsa 99 gr,dia.es,28020,2.99,https://m.media-amazon.com/images/I/711AERbLs6L._AC_SR175,263_QL70_.jpg,despensa|desayunos_y_dulces|caramelos_chicles_y_golosinas
25865088,FILMFIX film transparente 80 m,dia.es,28020,1.65,https://www.dia.es/product_images/280132/280132_TRA_0_ES.jpg,cuidado_del_hogar|conservacion_de_alimentos
25864469,L'OREAL crema hidratante noche pieles maduras tarro 50ml,dia.es,28020,9.99,https://www.dia.es/product_images/152051/152051_ISO_0_ES.jpg,cuidado_personal|cuidado_corporal|crema_facial
25857723,Doritos Tex Mex 140 g.,carrefour.es,28020,1.95,https://sgfm.elcorteingles.es/SGFM/dctm/MEDIA03/202311/27/00120951804531____4__600x600.jpg,la_despensa|aperitivos|snacks
25868368,Dentifrico gel Clorofila Fresh Deliplus 2 en 1,mercadona.es,28020,1.05,https://iber.market/wp-content/uploads/2024/04/4a8d753fecfcddd333bf9402808dce95-scaled.jpg,cuidado_facial_y_corporal|higiene_bucal
25861728,PIKOTAS caramelo de goma relleno sabor cereza bolsa 100 gr,dia.es,28020,1.45,https://sgfm.elcorteingles.es/SGFM/dctm/MEDIA03/201907/29/00120630502894____1__600x600.jpg,despensa|desayunos_y_dulces|caramelos_chicles_y_golosinas
25868246,Maquinilla depilacion desechable Gillette Simply Venus 2 hojas,mercadona.es,28020,1.99,https://m.media-amazon.com/images/I/71K8y6fNr5L._AC_UF894,1000_QL80_.jpg,cuidado_facial_y_corporal|depilacion
25867720,Mejillones en escabeche Hacendado peque絪s,mercadona.es,28020,2.5,https://prod-mercadona.imgix.net/images/b505b72886e1b681463d7f1d8a7b6dd4.jpg?fit=crop&h=600&w=600,conservas_caldos_y_cremas|berberechos_y_mejillones
25861209,GULLON galleta ligera sin sal y sin azucar paquete 200 gr,dia.es,28020,1.39,https://a0.soysuper.com/d6e6fbd64014a4060e2b26f59e00dc25.1500.0.0.0.wmark.a0586a8d.jpg,despensa|desayunos_y_dulces|galletas
25866707,Solomillo de pavo,mercadona.es,28020,4.92,https://prod-mercadona.imgix.net/images/5bb818d0e9762e82d926efb3ce16c8a9.jpg?fit=crop&h=600&w=600,carne|aves_y_pollo
25862319,DIA AL DIANTE macarron integral paquete 500 gr,dia.es,28020,1.04,https://www.dia.es/product_images/277305/277305_ISO_0_ES.jpg?imwidth=392,despensa|pastas_harinas_y_masas|pastas
"25863098,""SAN MIGUEL cerveza radler con limon 0,0% alcohol lata 33 cl"",dia.es,28020,0.75,https://www.dia.es/product_images/125715/125715_ISO_0_ES.jpg?imwidth=392,bebidas|cervezas|con_limon"
25865812,Cocktail picante Hacendado,mercadona.es,28020,1.55,https://a2.soysuper.com/5e94123f4d5ef60430ebd478f9ae8953.1500.0.0.0.wmark.3695ec71.jpg,aperitivos|frutos_secos_y_fruta_desecada
25866459,Cava semi seco Cabre & Sabate,mercadona.es,28020,2.35,https://prod-mercadona.imgix.net/images/d6cb0896d9017a83aa22dc4b5d892b50.jpg?fit=crop&h=600&w=600,bodega|sidra_y_cava
25869997,Snacks gato rellenos con pollo y malta Compy,mercadona.es,28020,1.1,https://prod-mercadona.imgix.net/images/57513fa5c8c08acf9d232890cb2b4473.jpg?fit=crop&h=600&w=600,mascotas|gato
25868493,Laca de u人s efecto gel Deliplus 160 Nude,mercadona.es,28020,2.65,https://coopsanjosenules.es/wp-content/uploads/7fcfc52c4af83fb0d01099ebc14411b7.jpg,cuidado_facial_y_corporal|manicura_y_pedicura
25863281,POM'BEL smoothie con frutas del bosque envase 210 ml,dia.es,28020,1.49,https://www.dia.es/product_images/283052/283052_ISO_0_ES.jpg,bebidas|zumos
25862063,DIA MARI MARINERA atun claro en aceite de girasol pack 6 latas de 56 gr,dia.es,28020,4.29,https://www.dia.es/product_images/262430/262430_ISO_0_ES.jpg?imwidth=392,despensa|conservas|conservas_de_pescado
25861726,TRIDENT Oral b chicle grageas sabor hierbabuena paquete 10 uds,dia.es,28020,1.59,https://m.media-amazon.com/images/I/61Or0WIIiWL.jpg,despensa|desayunos_y_dulces|caramelos_chicles_y_golosinas
25854622,Pera conferencia Carrefour 1 kg aprox,carrefour.es,28020,1.78,https://static.carrefour.es/hd_350x_/img_pim_food/394510_00_1.jpg,productos_frescos|frutas|manzanas_y_peras
25860984,LA LECHERA leche condensada bote 450 gr,dia.es,28020,3.55,https://sgfm.elcorteingles.es/SGFM/dctm/MEDIA03/202402/29/00120615800057____2__600x600.jpg,despensa|lacteos_y_huevos|leche
25869490,Bolsa de basura grande Bosque Verde 50L cubo grande,mercadona.es,28020,1.6,https://prod-mercadona.imgix.net/images/0b8c8799b46a5b95464a7137e7430b54.jpg?fit=crop&h=600&w=600,limpieza_y_hogar|pilas_y_bolsas_de_basura
25867066,Pechuga de pavo bajo en sal Hacendado finas lonchas,mercadona.es,28020,2.22,https://prod-mercadona.imgix.net/images/0743c4f754d2155a541a9363a5bf373c.jpg?fit=crop&h=600&w=600,charcuteria_y_quesos|aves_y_jamon_cocido
25866349,Cerveza extra 1906 reserva especial,mercadona.es,28020,1.22,https://sgfm.elcorteingles.es/SGFM/dctm/MEDIA03/202201/31/00118602800254____6__600x600.jpg,bodega|cerveza
25861242,ARTIACH Dinosaurus huevos galletas caja 140 gr,dia.es,28020,2.44,https://www.dia.es/product_images/207884/207884_ISO_0_ES.jpg?imwidth=392,despensa|desayunos_y_dulces|galletas
25864452,DIA IMAQE desmaquillante de ojos waterproof bote 125 ml,dia.es,28020,2.05,https://www.dia.es/product_images/272023/272023_ISO_0_ES.jpg,cuidado_personal|cuidado_corporal|limpieza_facial
25861250,GULLON galletas dibus sharkies cacao SIN GLUTEN caja 250 gr,dia.es,28020,2.99,https://biobay.es/wp-content/uploads/2022/10/a48011-1200x1200.jpg,despensa|desayunos_y_dulces|galletas
25861855,TRAPA chocolate negro intenso 70% con almendras tableta 175 gr,dia.es,28020,2.29,https://m.media-amazon.com/images/I/71DEpsmxSnL.jpg,despensa|desayunos_y_dulces|chocolates_y_bombones
25864885,DIA SUPER PACO detergente maquina liquido colonia botella 46 lv,dia.es,28020,4.15,https://www.dia.es/product_images/274003/274003_ISO_0_ES.jpg?imwidth=392,cuidado_del_hogar|cuidado_de_la_ropa
25860523,DIA NUESTRA ALACENA jamon cocido extra finas lonchas envase 2 x 225 gr,dia.es,28020,3.39,https://www.dia.es/product_images/273957/273957_ISO_0_ES.jpg,frescos|charcuteria_y_quesos|cocidos
25855937,Bebida de avena sin azucar a人dido Vegye sin gluten brik 1 l.,carrefour.es,28020,0.99,https://a1.soysuper.com/34ed39d3d12ee3b93ba0769eacdd1346.1500.0.0.0.wmark.991bb4cf.jpg,la_despensa|lacteos|bebida_vegetal
25854665,Zanahoria Carrefour 1 kg,carrefour.es,28020,0.95,https://static.carrefour.es/hd_510x_/img_pim_food/235422_00_2.jpg,productos_frescos|verduras_y_hortalizas|hortalizas
25867647,Alcachofa baby Hacendado ultracongelada,mercadona.es,28020,2.79,https://images.openfoodfacts.org/images/products/848/000/061/2052/front_es.5.full.jpg,congelados|verdura
25869158,Suavizante ropa Azul Bosque Verde concentrado,mercadona.es,28020,1.95,https://a2.soysuper.com/22a53e63249adac5ec6c82a67514bbfc.1500.0.0.0.wmark.acde7ba1.jpg,limpieza_y_hogar|detergente_y_suavizante_ropa
25868702,Protector labial FPS 15 Deliplus,mercadona.es,28020,1.9,https://prod-mercadona.imgix.net/images/4999d10a9c452b1a9de1d6e8b2142c0f.jpg?fit=crop&h=600&w=600,cuidado_facial_y_corporal|protector_solar_y_aftersun
25863499,MOURAMA vino tinto Mencia DO Monterrei botella 75 cl,dia.es,28020,4.99https://www.dia.es/product_images/272362/272362_ISO_0_ES.jpg,bodega|vino|tinto
25865785,Almendra marcona Hacendado frita con sal,mercadona.es,28020,2.85,https://prod-mercadona.imgix.net/images/5d551ec58b08bfd9d1712843f6e603f4.jpg?fit=crop&h=600&w=600,aperitivos|frutos_secos_y_fruta_desecada
25862471,DIA SELECCION MUNDIAL vinagre balsamico de madena botella 50 cl,dia.es,28020,2.2,https://www.dia.es/product_images/106144/106144_ISO_0_ES.jpg,despensa|aceites_vinagres_y_alinos|vinagres_y_alinos
"25859696,""Pilas Alcalinas Carrefour Itech AAA/LR03, paquete 6"",carrefour.es,28020,4.29,https://static.carrefour.es/hd_510x_/img_pim_food/706810_00_1.jpg,limpieza_y_hogar|bazar|pilas"
25863482,MAYOR DE CASTILLA vino tinto botella 75 cl,dia.es,28020,3.3,https://supermercado.eroski.es/images/20891818.jpg,bodega|vino|tinto
25860045,Champu recien nacido elimina la costra lactea Mustela 150 ml.,carrefour.es,28020,9.05,https://static.carrefour.es/hd_510x_/crs/cdn_static/catalog/hd/545963_00_1.jpg,parafarmacia|bebe|champu
25869421,Film Transparente Bosque Verde,mercadona.es,28020,1.6,https://prod-mercadona.imgix.net/images/2edf6e6d627c5e1f86efa0519b06761c.jpg?fit=crop&h=600&w=600,limpieza_y_hogar|menaje_y_conservacion_de_alimentos
25857931,Ensaladilla Carrefour Classic' 1 kg.,carrefour.es,28020,0.99,https://static.carrefour.es/hd_510x_/img_pim_food/673183_00_1.jpg,congelados|rebozados_y_platos_preparados|verduras_congeladas
25863583,CASTILLO DE HARO vino rosado DO Rioja 75 cl,dia.es,28020,2.29,https://sgfm.elcorteingles.es/SGFM/dctm/MEDIA03/202005/18/00118756400349____6__600x600.jpg,bodega|vino|rosado
25862553,PRIMA mostaza cero azucar bote 265 gr,dia.es,28020,2.99,https://supermercado.eroski.es/images/25891789.jpg,despensa|salsas|mayonesa_y_otras_salsas
25869850,Filete de salmon,mercadona.es,28020,8.98,https://prod-mercadona.imgix.net/images/d276498ce484c1c8c3b247d77589e49d.jpg?fit=crop&h=600&w=600,marisco_y_pescado|pescado_en_bandeja
25870355,Vela de cumplea絪s 8 Hacendado,mercadona.es,28020,0.75,https://prod-mercadona.imgix.net/images/9c81069604399005388d18c65db37768.jpg?fit=crop&h=600&w=600,panaderia_y_pasteleria|velas_y_decoracion
25863428,BURNED BARREL whisky botella 70 cl,dia.es,28020,5.49,https://www.dia.es/product_images/164521/164521_ISO_0_ES.jpg,bodega|alcoholes|whisky
25867411,Risotto de setas Hacendado ultracongelados,mercadona.es,28020,2.2,https://prod-mercadona.imgix.net/images/4eb44aeae5386d37310949b8b6909baf.jpg?fit=crop&h=600&w=600,congelados|arroz_y_pasta
25867195,Lomo embuchado Hacendado lonchas,mercadona.es,28020,2.12,https://prod-mercadona.imgix.net/images/7615ebc114e1a633b60600037dad4072.jpg?fit=crop&h=600&w=600,charcuteria_y_quesos|embutido_curado
25865954,Tortellini fresco sin gluten carne Hacendado,mercadona.es,28020,2.48,https://a2.soysuper.com/1cb9729a2ab3af51520a9b48e74d6884.1500.0.0.0.wmark.9e77abf5.jpg,arroz_legumbres_y_pasta|pasta_y_fideos
25862689,EL MOLINO DE DIA panecillos tostados paquete 225 gr,dia.es,28020,0.85,https://www.dia.es/product_images/277675/277675_ISO_0_ES.jpg,despensa|pan|biscotes
25857692,Patatas fritas sabor jamon serrano Carrefour 150 g.,carrefour.es,28020,1.15,https://static.carrefour.es/hd_510x_/img_pim_food/107052_00_1.jpg,la_despensa|aperitivos|patatas_fritas
25864623,JOHNSONS Baby talco dulces sue絪s para bebes bote 200 gr,dia.es,28020,2.29,https://www.dia.es/product_images/153669/153669_ISO_0_ES.jpg?imwidth=392,bebe|cuidado_del_bebe
25859992,Papilla Infantil con Fibra Blevit Plus Superfibra 8 Cereales 600 gr,carrefour.es,28020,8.75,https://static.carrefour.es/hd_510x_/img_pim_food/324643_00_1.jpg,parafarmacia|bebe|papillas_y_galletas
25863464,BAJOZ vino tinto DO Toro botella 75 cl,dia.es,28020,4.65,https://www.dia.es/product_images/186009/186009_ISO_0_ES.jpg?imwidth=392,bodega|vino|tinto
25866559,Vino tinto D.O Cari吝na Sierra de Viento roble,mercadona.es,28020,1.6,https://coopsanjosenules.es/wp-content/uploads/5d743f2a0b7ad9ed9119172f5d5e9c26.jpg,bodega|vino_tinto
25865882,Garbanzo cocido Hacendado,mercadona.es,28020,0.7,https://prod-mercadona.imgix.net/images/95b26ad23c6992440efcea563ae7031d.jpg?fit=crop&h=600&w=600,arroz_legumbres_y_pasta|legumbres
25862340,NATUR DACSA harina multiusos SIN GLUTEN bolsa 1 kg,dia.es,28020,4.03,https://www.dia.es/product_images/288064/288064_ISO_0_ES.jpg,despensa|pastas_harinas_y_masas|harinas_y_levaduras
25861953,DIA sirope de fresa bote 295 gr,dia.es,28020,1.75,https://www.dia.es/product_images/161789/161789_ISO_0_ES.jpg,despensa|desayunos_y_dulces|preparacion_de_postres
25869637,Pintalabios fijo Superstay Vinyl Ink Maybelline 50 wicked,mercadona.es,28020,11.95,https://madridentercera.es/wp-content/uploads/2024/07/Pintalabios-fijo-Superstay-Vinyl-Ink-Maybelline-50-wicked.jpg,maquillaje|labios
25864381,BABARIA desodorante para pies spray 150 ml,dia.es,28020,2.75,https://supermercado.eroski.es/images/16646101.jpg,cuidado_personal|cuidado_corporal|cuidado_de_manos_y_pies
25864502,DIADERMINE Lift+ FlashEffect capsulas antiedad efecto inmediato envase 7 uds,dia.es,28020,7.49,https://www.druni.es/media/catalog/product/1/3/1349075.jpg?quality=80&fit=bounds&height=700&width=700&canvas=700:700,cuidado_personal|cuidado_corporal|crema_facial
25855254,Queso rallado emmental Carrefour sin lactosa 150 g.,carrefour.es,28020,1.59,https://static.carrefour.es/hd_510x_/img_pim_food/196767_00_1.jpg,productos_frescos|quesos|gouda_y_emmental
25863282,DIA ZUMOSFERA zumo de fresas 100% envase 1 lt,dia.es,28020,1.99,https://www.dia.es/product_images/274802/274802_ISO_0_ES.jpg,bebidas|zumos
25869669,Pintalabios Mate Deliplus 108 rojo,mercadona.es,28020,4.65,https://iber.market/wp-content/uploads/2024/04/c7dcb1aaf3bd1e7e6681c59b749e9c4b-scaled.jpg,maquillaje|labios
25865707,Refresco de manzana sin gas,mercadona.es,28020,1.0,https://coopsanjosenules.es/wp-content/uploads/1bd0147b72fa60f19ecc8751b194cb83.jpg,agua_y_refrescos|refresco_de_te_y_sin_gas
25865096,DIA bolsita perfumada aroma fresco caja 3 uds,dia.es,28020,1.79,https://ae01.alicdn.com/kf/Sca9719cc4bb5413f97c12ba163b91226v.jpg_640x640q90.jpg,cuidado_del_hogar|ambientadores
25861637,DIA DELICIOUS mermelada de naranja amarga frasco 320 gr,dia.es,28020,1.55,https://www.dia.es/product_images/213265/213265_ISO_0_ES.jpg?imwidth=392,despensa|desayunos_y_dulces|mermeladas_miel_y_frutas_en_almibar
25869309,Limpiagafas Spray con gamuza Bosque Verde,mercadona.es,28020,2.25,https://prod-mercadona.imgix.net/images/afe50f309454b93a6a02b2084f4533f8.jpg?fit=crop&h=600&w=600,limpieza_y_hogar|limpiacristales
25870502,Bifidus desnatado probiotico con pera Hacendado 0% m.g. 0% sin azucares a人didos,mercadona.es,28020,1.3,https://prod-mercadona.imgix.net/images/71cafc4927c9287cf0f3bd6f56e19562.jpg?fit=crop&h=600&w=600,postres_y_yogures|bifidus
25859962,Tetra Reptomin Energy Comida para Totugas Acuaticas 250 ml,carrefour.es,28020,7.59,https://www.tiendanimal.es/dw/image/v2/BDLQ_PRD/on/demandware.static/-/Sites-kiwoko-master-catalog/default/dw2c478996/images/alimentacion_tortugas_tetra_reptomin_energy_TET11141_M.jpg?sw=780&sh=780&sm=fit&q=85,mascotas|peces_y_tortugas|tortugas
25869708,Perfilador de cejas Long Lasting Deliplus 03 oscuro,mercadona.es,28020,2.75,https://prod-mercadona.imgix.net/images/2d62746986cca2a779b36b576c3f2126.jpg?fit=crop&h=600&w=600,maquillaje|ojos
25856723,Manzanilla en bolsitas Hornimans 25 ud.,carrefour.es,28020,2.55,https://static.carrefour.es/hd_510x_/img_pim_food/001738_00_1.jpg,la_despensa|dulce_y_desayuno|infusiones_y_tes
25863306,DIA zumo naranja 100% exprimido sin pulpa botella 1 lt,dia.es,28020,1.49,https://www.dia.es/product_images/109413/109413_ISO_0_ES.jpg,bebidas|zumos
25866864,Burger de pollo certificado gruesas alimentado con un 50% de maiz,mercadona.es,28020,3.52,https://gastrobusca.com/images/550-550/579288b5ebb1ac1a0b834c4e280e9c1c.jpg,carne|hamburguesas_y_picadas
25861399,LA FILO bizcocho soletilla paquete 300 gr,dia.es,28020,1.89,https://dia.es/product_images/162616/162616_ISO_0_ES.jpg,despensa|desayunos_y_dulces|bolleria
25863394,61 vermouth rojo tempranillo botella 75 cl,dia.es,28020,6.99,https://www.dia.es/product_images/280263/280263_ISO_0_ES.jpg,bodega|alcoholes|vermouth
25858563,Agua mineral Solan de Cabras natural 50 cl.,carrefour.es,28020,0.7,https://static.carrefour.es/hd_510x_/img_pim_food/594125_00_1.jpg,bebidas|aguas_y_zumos|agua_hasta_075_litros
25857542,Tomate triturado Carrefour 780 g.,carrefour.es,28020,0.93,https://static.carrefour.es/hd_510x_/img_pim_food/888527_00_1.jpg,la_despensa|conservas_sopas_y_precocinados|conservas_de_tomate
25870092,Surtido croissants rellenos de crema de cacao y crema con leche sabor a chocolate blanco,mercadona.es,28020,2.65,https://prod-mercadona.imgix.net/images/274c4a52b479c7851bc584ddc88591ea.jpg?fit=crop&h=600&w=600,panaderia_y_pasteleria|bolleria_de_horno
25861024,LA RECETA huevos ecologicos categoria A clase M/L estuche 6 uds,dia.es,28020,2.59,https://sgfm.elcorteingles.es/SGFM/dctm/MEDIA03/202111/04/00118840200200____6__600x600.jpg,despensa|lacteos_y_huevos|huevos
25867434,Helado mini surtido Hacendado,mercadona.es,28020,2.7,https://madridentercera.es/wp-content/uploads/2024/07/Helado-mini-surtido-Hacendado.jpg,congelados|helados
25860740,FOURIER pat칠 de cerdo a las finas hierbas tarro 75 gr,dia.es,28020,1.0,https://www.dia.es/product_images/39998/39998_ISO_0_ES.jpg,frescos|charcuteria_y_quesos|foie_pates_y_sobrasadas
25866407,Whisky escoc칠s Red Label Johnnie Walker,mercadona.es,28020,14.25,https://sgfm.elcorteingles.es/SGFM/dctm/MEDIA03/202007/06/00118721000133____8__600x600.jpg,bodega|licores
25868043,Espuma cabello Xtra Forte Deliplus fijaci칩n 4,mercadona.es,28020,1.5,https://dx7csy7aghu7b.cloudfront.net/prods/22341.webp,cuidado_del_cabello|fijacion_cabello
25864941,SOMAT lavavajillas m치quina todo en 1 lim칩n bote 40 lv,dia.es,28020,6.99,https://static.condisline.com/resize_395x416/images/catalog/large/812581.jpg,cuidado_del_hogar|lavavajillas
25865006,DON LIMPIO limpiador ba침o botella 1.3 lt,dia.es,28020,4.29,https://www.sedovin.com/7641-large_default/limpiador-don-limpio-bano-13-litros.jpg,cuidado_del_hogar|productos_de_limpieza|bano
25866519,Vino tinto Dominio de Borgia,mercadona.es,28020,2.6,https://www.compraonline.alcampo.es/images-v3/37ea0506-72ec-4543-93c8-a77bb916ec12/659417cc-9d32-451b-9be8-d19da5c8a729/500x500.jpg,bodega|vino_tinto
25854696,Cebolla Carrefour 1 kg,carrefour.es,28020,2.49,https://static.carrefour.es/hd_510x_/img_pim_food/108604_00_2.jpg,productos_frescos|verduras_y_hortalizas|patatas_cebollas_y_ajos
25857503,Pi침a en rodajas en su jugo Classic Carreofur 490 g.,carrefour.es,28020,2.15,https://static.carrefour.es/hd_510x_/img_pim_food/152213_00_1.jpg,la_despensa|conservas_sopas_y_precocinados|conservas_de_frutas
25866104,Surtido bombones Caja Roja Nestl칠,mercadona.es,28020,5.99,https://cdn.grupoelcorteingles.es/SGFM/dctm/MEDIA03/202401/08/00120602400192____19__600x600.jpg,azucar_caramelos_y_chocolate|chocolate
25855932,Bebida de avena sin az칰car a침adido YoSoy brik 1 l.,carrefour.es,28020,1.65,https://static.carrefour.es/hd_510x_/img_pim_food/714959_00_1.jpg,la_despensa|lacteos|bebida_vegetal
25864870,COLON detergente m치quina en polvo maleta 50 lavados,dia.es,28020,10.99,https://www.dia.es/product_images/280409/280409_ISO_0_ES.jpg?imwidth=392,cuidado_del_hogar|cuidado_de_la_ropa
25865981,Edulcorante en sobres stevia Hacendado,mercadona.es,28020,2.0,https://prod-mercadona.imgix.net/images/c4c3200a0fbc1a834b84cbea7bbc2f76.jpg?fit=crop&h=600&w=600,azucar_caramelos_y_chocolate|azucar_y_edulcorante
25864553,TAMPAX Compak tamp칩n super caja 20 uds,dia.es,28020,4.53,https://www.dia.es/product_images/3282/3282_ISO_0_ES.jpg,cuidado_personal|cuidado_intimo
25863635,DIA AL PUNTO croquetas de pollo bolsa 450 gr,dia.es,28020,1.55,https://www.dia.es/product_images/275647/275647_ISO_0_ES.jpg,congelados|precocinados
25866744,Alas de pollo,mercadona.es,28020,4.36,https://prod-mercadona.imgix.net/images/7b99f08db1a575049a9b11ab89dacc02.jpg?fit=crop&h=600&w=600,carne|aves_y_pollo
25854854,Miguelitos de Crema Ruiz 300 g,carrefour.es,28020,4.4,https://productmedia-pro.s3.eu-west-1.amazonaws.com/724/8411241000001/PRODUCT/08411241530102/SIZE_500/08411241530102_A1C0.jpg,productos_frescos|panaderia_tradicional|pasteleria_y_reposteria
25868698,Aceite solar protector Deliplus FPS 30,mercadona.es,28020,4.5,https://seatcienfuegos.es/wp-content/uploads/2024/08/Aceite-solar-protector-Deliplus-FPS-30.jpg,cuidado_facial_y_corporal|protector_solar_y_aftersun
25862623,DANI pimienta negra molida frasco 45 gr,dia.es,28020,1.95,https://www.dia.es/product_images/107991/107991_ISO_0_ES.jpg,despensa|sal_y_especias
25870363,Almendra cubitos Hacendado,mercadona.es,28020,2.07,https://dx7csy7aghu7b.cloudfront.net/prods/24058.webp,panaderia_y_pasteleria|velas_y_decoracion
25866167,Confitura de melocot칩n Hacendado 0% az칰cares a침adidos,mercadona.es,28020,1.6,https://prod-mercadona.imgix.net/images/96e0a31447f579cbac22c297e5d7bc30.jpg?fit=crop&h=600&w=600,azucar_caramelos_y_chocolate|mermelada_y_miel
25863693,PESCANOVA caprichos a la romana bolsa 400 gr,dia.es,28020,2.99,https://www.pescanova.es/tienda/596-home_default/caprichos-a-la-romana-400g.jpg,congelados|pescado_y_marisco
25862231,GALLINA BLANCA Sopinstant crema de pollo con picatostes caja 63 gr,dia.es,28020,1.45,https://supermercado.eroski.es/images/862870.jpg,despensa|sopas|sopas
25862079,CALVO at칰n claro en aceite de oliva pack 6 latas de 52 gr,dia.es,28020,7.65,https://static.carrefour.es/hd_510x_/img_pim_food/659085_00_1.jpg,despensa|conservas|conservas_de_pescado
25869042,Bebida de soja 0% az칰cares Hacendado,mercadona.es,28020,0.85,https://prod-mercadona.imgix.net/images/2d78404f8185f3c3b96ed82fdde565d7.jpg?fit=crop&h=600&w=600,huevos_leche_y_mantequilla|leche_y_bebidas_vegetales
25865475,Tomate frito receta artesana Hacendado,mercadona.es,28020,1.6,https://prod-mercadona.imgix.net/images/959baf90e8b8eee09398534f7c549992.jpg?fit=crop&h=600&w=600,aceite_especias_y_salsas|otras_salsas
25864117,NIVEA desodorante invisible for black & white roll on 50 ml,dia.es,28020,2.15,https://img.nivea.com/-/media/miscellaneous/media-center-items/b/f/c/56926a5be8d041a7bef72157cf180ea9-web_1010x1180_transparent_png.png,cuidado_personal|bano_e_higiene_personal|desodorantes
25866002,Caramelos surtidos 6 sabores Hacendado,mercadona.es,28020,1.1,https://a2.soysuper.com/a1f4493f50b3c3829a394e42a0aa4343.1500.0.0.0.wmark.6cf0a20d.jpg,azucar_caramelos_y_chocolate|chicles_y_caramelos
25864633,JOHNSON췂S Baby champ칰 camomila dosificador 750 ml,dia.es,28020,4.85,https://sgfm.elcorteingles.es/SGFM/dctm/MEDIA03/202109/08/00155740500255____6__600x600.jpg,bebe|cuidado_del_bebe
25862784,ALBA bocaditos de pan sabor jam칩n y tomate bolsa 110 gr,dia.es,28020,1.29,https://sgfm.elcorteingles.es/SGFM/dctm/MEDIA03/202304/25/00120655301826____5__600x600.jpg,despensa|pan|snack_de_pan
25862075,DIA MARI MARINERA tacos de pot칩n al ajillo lata 72 gr,dia.es,28020,1.29,https://www.dia.es/product_images/275472/275472_ISO_0_ES.jpg?imwidth=392,despensa|conservas|conservas_de_pescado
25855091,Jam칩n de Pavo Cocido en finas lonchas Carrefour El Mercado 225 g,carrefour.es,28020,1.66,https://static.carrefour.es/hd_510x_/img_pim_food/633785_00_2.jpg,productos_frescos|charcuteria|mortadela_y_chopped
25861485,TOSCAF caf칠 natural en grano paquete 500 gr,dia.es,28020,5.75,https://sgfm.elcorteingles.es/SGFM/dctm/MEDIA03/202403/05/00120602000869____4__325x325.jpg,despensa|desayunos_y_dulces|cafe
25862364,DIA ARROZONA mezcla de 3 arroces paquete 1 kg,dia.es,28020,3.13,https://www.dia.es/product_images/264798/264798_ISO_0_ES.jpg,despensa|arroz_y_legumbres|arroz
25859711,Pinza Barbacoa Palas TESCOMA Presto 30 cm - Metalizado,carrefour.es,28020,8.99,https://m.media-amazon.com/images/I/71yVnye1F1L.jpg,limpieza_y_hogar|bazar|barbacoas_y_accesorios
25861974,DIA manzanilla estuche 25 bolsitas,dia.es,28020,0.7,https://m.media-amazon.com/images/I/41wSdEEmdCL._AC_.jpg,despensa|desayunos_y_dulces|infusiones
25864599,DODOT Pants pa침ales +15 kg talla 6 paquete 27 uds,dia.es,28020,12.59,https://sgfm.elcorteingles.es/SGFM/dctm/MEDIA03/202302/10/00128022504501____24__600x600.jpg,bebe|panales
25861367,NATURE VALLEY barrita de cereales crunchy avena y miel envase 42 gr,dia.es,28020,1.15,https://www.naturevalley.es/wp-content/uploads/sites/10/2017/02/NV-ES-Crunchy-Avena-y-Miel-460x460-1.png,despensa|desayunos_y_dulces|cereales
25862530,KIKKOMAN salsa de soja con menos sal botella 250 ml,dia.es,28020,4.99,https://sgfm.elcorteingles.es/SGFM/dctm/MEDIA03/202402/20/00118017604358____6__600x600.jpg,despensa|salsas|mayonesa_y_otras_salsas
25870108,Ensaimadas Hacendado,mercadona.es,28020,1.7,https://prod-mercadona.imgix.net/images/77b0a5b3d76ae942055a99cefa8d6c36.jpg?fit=crop&h=600&w=600,panaderia_y_pasteleria|bolleria_envasada
25858703,VODKA IMPORTACION SMIRNOFF 1L,carrefour.es,28020,15.15,https://static.carrefour.es/hd_510x_/img_pim_food/270325_00_1.jpg,bebidas|alcoholes|vodka
25864733,BALLERINA bayeta amarilla super absorbente y extra suave bolsa 4 uds,dia.es,28020,2.69,https://www.dia.es/product_images/48325/48325_ISO_0_ES.jpg,cuidado_del_hogar|utensilios_de_limpieza
25861712,CHUPA CHUPS mini original bolsa 20 uds 120 gr,dia.es,28020,2.7,https://v2.lupaonline.com/media/catalog/product/cache/b7abd374dd43d773a4c25932a71ad125/3/6/36211_2.jpg,despensa|desayunos_y_dulces|caramelos_chicles_y_golosinas
25863665,DR OETKER ristorante pizza speciale caja 330 gr,dia.es,28020,4.65,https://www.dia.es/product_images/88841/88841_ISO_0_ES.jpg,congelados|pizzas_bases_y_masas
25866850,Embutido surtido oreado,mercadona.es,28020,3.49,https://prod-mercadona.imgix.net/images/619b72f0a42217e39400caac2c426d02.jpg?fit=crop&h=600&w=600,carne|embutido
25862390,LUENGO alubias con verduras cocidas frasco 400 gr,dia.es,28020,1.45,https://www.dia.es/product_images/189830/189830_ISO_0_ES.jpg,despensa|arroz_y_legumbres|legumbres
25865617,Refresco Coca-Cola light,mercadona.es,28020,0.9,https://supermercado.eroski.es/images/303362.jpg,agua_y_refrescos|refresco_de_cola
25861290,ARTIACH Dinosaurus galletas de cereales a cucharadas caja 320 gr,dia.es,28020,3.05,https://m.media-amazon.com/images/I/814E8qgxMvL.jpg,despensa|desayunos_y_dulces|galletas
25863521,RIBERA DE ALGODOR vino tinto crianza DO Castilla la Mancha botella 75 cl,dia.es,28020,1.79,https://www.dia.es/product_images/222265/222265_ISO_0_ES.jpg,bodega|vino|tinto
25862687,EL MOLINO DE DIA mini tostas con pasas bolsa 110 gr,dia.es,28020,1.25,https://www.dia.es/product_images/183247/183247_ISO_0_ES.jpg,despensa|pan|biscotes
25863432,CHINCH칍N licor de an칤s dulce botella 1 lt,dia.es,28020,11.59,https://sgfm.elcorteingles.es/SGFM/dctm/MEDIA03/202008/18/00118775400510____7__600x600.jpg,bodega|licores|anis
25867780,Cabello de 츼ngel Hida,mercadona.es,28020,2.2,https://sgfm.elcorteingles.es/SGFM/dctm/MEDIA03/202206/16/00118031701818____2__600x600.jpg,conservas_caldos_y_cremas|conservas_de_verdura_y_frutas
25868057,Gel fijador cabello Forte Deliplus fijaci칩n 3,mercadona.es,28020,1.6,https://prod-mercadona.imgix.net/images/ea0a15bbffe2c4161d0af5f279a4bfea.jpg?fit=crop&h=600&w=600,cuidado_del_cabello|fijacion_cabello
25864390,NIVEA crema corporal nutritiva piel muy seca botella 500 ml,dia.es,28020,5.79,https://www.dia.es/product_images/57445/57445_ISO_0_ES.jpg?imwidth=392,cuidado_personal|cuidado_corporal|hidratacion_corporal
25868725,C치psulas Cola de caballo Deliplus,mercadona.es,28020,3.95,https://prod-mercadona.imgix.net/images/90348a62757950642debb3e4be3db505.jpg?fit=crop&h=600&w=600,fitoterapia_y_parafarmacia|fitoterapia
25864418,BABARIA crema corporal vitamina C tarro 400 ml,dia.es,28020,3.25,https://perfumeriasjd.com/1529-home_default/babaria-crema-corporal-vitamina-c-400-ml.jpg,cuidado_personal|cuidado_corporal|hidratacion_corporal
25861245,LU PRINCIPE galletas rellenas de crema de chocolate pack 3 x 300 gr,dia.es,28020,5.65,https://www.dia.es/product_images/189842/189842_ISO_0_ES.jpg?imwidth=392,despensa|desayunos_y_dulces|galletas
25856295,Postre l치cteo de prote칤nas desnatado con ar치ndanos Danone Yopro 160 g.,carrefour.es,28020,1.54,https://static.condisline.com/resize_1280x1024/images/catalog/large/782001.jpg,la_despensa|yogures_y_postres|proteina
25863483,PUERTA DE ALCALA vino tinto DO Madrid botella 75 cl,dia.es,28020,5.89,https://www.dia.es/product_images/45963/45963_ISO_0_ES.jpg,bodega|vino|tinto
25861274,LOTUS galleta caramelizada rellena de crema paquete 150 gr,dia.es,28020,1.85,https://m.media-amazon.com/images/I/41KIGwLb7LL._AC_.jpg,despensa|desayunos_y_dulces|galletas
25856232,Gelatina sabor fresa jellies Carrefour sin gluten pack de 6 unidades de 100 g.,carrefour.es,28020,1.05,https://static.carrefour.es/hd_510x_/img_pim_food/218451_00_1.jpg,la_despensa|yogures_y_postres|gelatina
25869323,Limpiador Las 3 Brujas concentrado,mercadona.es,28020,3.1,https://arcashop.es/1997-large_default/las-tres-brujas-limpiador-concentrado-para-marmol-ceramica-y-granito.jpg,limpieza_y_hogar|limpiahogar_y_friegasuelos
25854534,Pata de pulpo cocida XL Carrefour El Mercado 250 g,carrefour.es,28020,13.95,https://static.carrefour.es/hd_510x_/img_pim_food/335267_00_1.jpg,productos_frescos|pescaderia|pulpo_calamar_y_sepia
25859358,Plumero atrapapolvo con 5 recambios Carrefour 1 ud.,carrefour.es,28020,2.29,https://static.carrefour.es/hd_510x_/img_pim_food/734996_00_1.jpg,limpieza_y_hogar|productos_para_toda_la_casa|limpia_muebles
25870246,Pan redondo 5 semillas,mercadona.es,28020,1.75,https://a0.soysuper.com/e9c2475b76061be6a86ffe9e3c2280f6.1500.0.0.0.wmark.68490238.jpg++++++++,panaderia_y_pasteleria|pan_de_molde_y_otras_especialidades
25867692,Bonito del norte en aceite de oliva La reina de Espa침a,mercadona.es,28020,2.05,https://a0.soysuper.com/1856e2700b69f92976952a1f213cd65a.1500.0.0.0.wmark.27b1d0e6.jpg,conservas_caldos_y_cremas|atun_y_otras_conservas_de_pescado
25864020,PALETTE INTENSIVE CREME tinte Casta침o Claro N췈 5 caja 1 ud,dia.es,28020,4.59,https://www.dia.es/product_images/154973/154973_ISO_0_ES.jpg,cuidado_personal|bano_e_higiene_personal|cuidado_del_cabello
25857824,Huevos M-L ecol칩gicos Carrefour Bio 10 ud.,carrefour.es,28020,3.95,https://static.carrefour.es/hd_510x_/img_pim_food/497273_00_1.jpg,la_despensa|huevos|huevos_frescos
25861254,DIA GALLETECA mini galletas rellenas de chocolate caja 176 gr,dia.es,28020,1.15,https://www.dia.es/product_images/300080/300080_ISO_0_ES.jpg,despensa|desayunos_y_dulces|galletas
25869389,Lavavajillas Ultra concentrado Bosque Verde,mercadona.es,28020,1.1,https://prod-mercadona.imgix.net/images/30ccd8015874b0d2ed7b3b5b87a8cd25.jpg?fit=crop&h=600&w=600,limpieza_y_hogar|limpieza_vajilla
25860052,Loci칩n Hidratante corporal Suavinex 750 ml,carrefour.es,28020,15.89,https://www.suavinex.com/medias/locion750hidratante-suavinex-cosmetica19.jpgOriginalImage-515Wx515H?context=bWFzdGVyfGltYWdlc3wxNzk2M3xpbWFnZS9qcGVnfGltYWdlcy9oZTMvaDQ4Lzg4MjYzNDUzMjQ1NzQuanBnfDllZmY1YjYxNzU5YzIwZWQ2MmY4NmZkM2E3MTI2YTkzOTJhNWRiNDEzNmVkYWUzYzIyMzM2MmNhMmMzYjNiODc,parafarmacia|bebe|hidratantes_y_aceites_corporales
25869372,Multiusos Perfumado Bosque Verde,mercadona.es,28020,1.3,https://prod-mercadona.imgix.net/images/023e47cacc6b6b646be2cf431d8fe270.jpg?fit=crop&h=600&w=600,limpieza_y_hogar|limpieza_muebles_y_multiusos
25862044,CALVO calamares en su tinta pack 3 latas 48 gr,dia.es,28020,2.99,https://www.dia.es/product_images/55630/55630_ISO_0_ES.jpg,despensa|conservas|conservas_de_pescado
25862043,CAMPOS at칰n claro en aceite de girasol lata 104 gr,dia.es,28020,2.15,https://www.dia.es/product_images/186623/186623_ISO_0_ES.jpg,despensa|conservas|conservas_de_pescado
25867136,Salchichas cocidas bocata Hacendado,mercadona.es,28020,1.62,https://prod-mercadona.imgix.net/images/bc540a96a130755d4db1ec89f984b4fd.jpg?fit=crop&h=600&w=600,charcuteria_y_quesos|bacon_y_salchichas
25861284,GULLON galleta digestive muesli paquete 365 grs,dia.es,28020,2.29,https://v2.lupaonline.com/media/catalog/product/cache/b7abd374dd43d773a4c25932a71ad125/1/3/135321_1.jpg,despensa|desayunos_y_dulces|galletas
25870519,Flan de huevo sin az칰cares a침adidos Hacendado,mercadona.es,28020,1.6,https://media1.ocu.org/images/56FB8E7FF953A1FBED92B3458F4C732E4E5B972F/w600-c4/Flanes-HACENDADO-MERCADONA-FLAN-DE-HUEVO-SIN-AZUCARES-ANADIDOS.jpg,postres_y_yogures|flan_y_natillas
25860711,ARLA queso apetina en dados tarrina 200 gr,dia.es,28020,3.64,https://www.arlafoods.es/4aabd8/contentassets/7f3922273eb640169ae4311379175c30/apetina-classic-200g-sello-recyclable-packaging.png?preset=product-mobile,frescos|charcuteria_y_quesos|quesos
25862011,DANI berberechos al natural 55/65 piezas lata 63 gr,dia.es,28020,3.59,https://www.dia.es/product_images/28748/28748_ISO_0_ES.jpg,despensa|conservas|conservas_de_pescado
25858204,Tejas de Tolosa De Nuestra Tierra 150 g.,carrefour.es,28020,4.38,https://static.carrefour.es/hd_510x_/img_pim_food/980039_00_1.jpg,congelados|helados|barquillos
25866042,Chocolate negro Fussion 72% de cacao Hacendado relleno de crema de lim칩n,mercadona.es,28020,1.1,https://www.elnacional.cat/uploads/s1/39/12/89/37/chocolate-negro-fussion-72-de-cacao-relleno-de-crema-de-limon-de-hacendado.jpeg,azucar_caramelos_y_chocolate|chocolate
25866745,Contramuslos de pollo marinados con piel,mercadona.es,28020,4.35,https://madridentercera.es/wp-content/uploads/2024/06/Contramuslos-de-pollo-marinados-con-piel.jpg,carne|aves_y_pollo
25860335,REVOLU GREEN tortilla vegana envase 200 gr,dia.es,28020,1.49,https://m.media-amazon.com/images/I/61UQBJ8x2AL._AC_UF894,1000_QL80_.jpg,platos_preparados|tortillas
25859721,Pegamento S칰per-Glue Loctite 5 gr,carrefour.es,28020,8.49,https://static.carrefour.es/hd_350x_/img_pim_food/005691_00_1.jpg,limpieza_y_hogar|bazar|pegamentos_y_siliconas
25869558,Maquillaje fluido Hydra-Vital Deliplus 02 beige rosado,mercadona.es,28020,5.5,https://prod-mercadona.imgix.net/images/2804305673ec1a891470ecbb8deb5736.jpg?fit=crop&h=600&w=600/,maquillaje|bases_de_maquillaje_y_corrector
25866650,Caf칠 con leche espresso Hacendado,mercadona.es,28020,0.8,https://prod-mercadona.imgix.net/images/fbace2711111518e9ab7a3c54ad58656.jpg?fit=crop&h=600&w=600,cacao_cafe_e_infusiones|cafe_soluble_y_otras_bebidas
25861527,NESCAFE caf칠 farmers origins 3 Am칠ricas caja 10 c치psulas 54 gr,dia.es,28020,3.79,https://m.media-amazon.com/images/I/71zGlmZiL5L._AC_UF894,1000_QL80_.jpg,despensa|desayunos_y_dulces|cafe
25868381,Cepillo dental Infantil Peppa pig,mercadona.es,28020,0.9,https://www.arenal.com/medias/N1741578OriginalImage-pdpFormat?context=bWFzdGVyfGltYWdlc3wxNjY3MXxpbWFnZS9qcGVnfGltYWdlcy9oNDMvaGRmLzg4MjgxNzMwNTgwNzguanBnfDAyNDc1ZGZjYmFiNjIzMmYwMTU0NmYwNGQxMDY0MjY2MDQwMGQ3YzY1MGQ4YjlhZjcxODE3YzEyZDU3MDgyMmE,cuidado_facial_y_corporal|higiene_bucal
25859403,Estropajo Salvau침as de Fibras Flexibles Superficies Delicadas CARREFOUR Expert 3 ud - Azul,carrefour.es,28020,0.65,https://static.carrefour.es/hd_510x_/img_pim_food/429247_00_1.jpg,limpieza_y_hogar|utensilios_de_limpieza|estropajos
25864360,BONTE pasta dent칤frica fl칰or tubo 100 ml,dia.es,28020,1.05,https://www.dia.es/product_images/166182/166182_ISO_0_ES.jpg?imwidth=392,cuidado_personal|cuidado_bucal
25860401,EL MOLINO DE DIA empanada de carne 550 gr,dia.es,28020,3.35,https://www.dia.es/product_images/220460/220460_ISO_0_ES.jpg,platos_preparados|empanadas_empanadillas_y_hojaldres
25855526,Aceite de girasol para fre칤r Carrefour garrafa 5 l.,carrefour.es,28020,9.89,https://static.carrefour.es/hd_510x_/img_pim_food/277575_00_1.jpg,la_despensa|alimentacion|aceites_y_vinagres
25860877,Tomate cherry redondo l칤nea sabor bandeja 250 gr,dia.es,28020,1.49,https://www.dia.es/product_images/161630/161630_ISO_0_ES.jpg,frescos|verduras_y_hortalizas|tomates_pimientos_y_pepinos
25859714,Fertilizante Universal Compo 1L,carrefour.es,28020,9.29,https://www.jardineriaferromar.com/media/catalog/product/cache/4018e30e767179f1f89ffb3aa4389e98/f/i/file_37_24.jpg,limpieza_y_hogar|bazar|jardineria
25869898,Trucha abierta en libro sin cabeza y sin espina,mercadona.es,28020,3.18,https://a1.soysuper.com/5af3c829ee428cd43c4ee01a91f13fe0.1500.0.0.0.wmark.dfe945f5.jpg,marisco_y_pescado|pescado_fresco
25863842,GILLETTE gel de afeitar cl치sico piel sensible spray 200 ml,dia.es,28020,3.49,https://www.dia.es/product_images/16248/16248_ISO_0_ES.jpg?imwidth=392,cuidado_personal|afeitado
25854898,Jam칩n cocido extra en lonchas bajo en grasa El Pozo sin gluten sin lactosa 200 g.,carrefour.es,28020,2.75,https://sgfm.elcorteingles.es/SGFM/dctm/MEDIA03/202503/07/00118381601279____6__600x600.jpg,productos_frescos|charcuteria|jamon_cocido_y_lacon
25867672,Patatas horno Hacendado ultracongeladas,mercadona.es,28020,1.8,https://dx7csy7aghu7b.cloudfront.net/prods/7519153.webp,congelados|verdura
25859255,Limpiador de wc limpieza total frescor Pato 750 ml.,carrefour.es,28020,3.05,https://static.carrefour.es/hd_510x_/img_pim_food/000503_00_1.jpg,limpieza_y_hogar|productos_para_bano|wc
25861405,DULCESOL milhojas de cacao rellenas de crema paquete 3 uds 180 gr,dia.es,28020,1.0,https://www.dia.es/product_images/271502/271502_ISO_0_ES.jpg,despensa|desayunos_y_dulces|bolleria
25866869,Burger de pollo y verduras,mercadona.es,28020,2.56,https://serabueno.com/wp-content/uploads/burguer-pollo-verduras-mercadona.jpeg,carne|hamburguesas_y_picadas
25863664,DR OETKER ristorante pizza at칰n caja 355 gr,dia.es,28020,4.65,https://www.dia.es/product_images/114903/114903_ISO_0_ES.jpg,congelados|pizzas_bases_y_masas
25861453,EL MOLINO DE DIA hojaldres de Astorga envase 180 gr,dia.es,28020,1.29,https://www.dia.es/product_images/287689/287689_ISO_0_ES.jpg,despensa|desayunos_y_dulces|bolleria
25861884,NOCILLA Duo crema de cacao tarro 620 gr,dia.es,28020,5.55,https://m.media-amazon.com/images/I/61EX3b233fL._AC_UF1000,1000_QL80_.jpg,despensa|desayunos_y_dulces|cacao_y_cremas_de_cacao
25870709,Bebida de mango Hacendado sin az칰cares a침adidos,mercadona.es,28020,1.25,https://dx7csy7aghu7b.cloudfront.net/prods/7483095.webp,zumos|tomate_y_otros_sabores
25865082,ESTRELLA lej칤a con detergente lim칩n botella 1.43 lt,dia.es,28020,2.65,https://sgfm.elcorteingles.es/SGFM/dctm/MEDIA03/202203/24/00128014200381____2__600x600.jpg,cuidado_del_hogar|productos_de_limpieza|hogar
25864555,CAREFREE protege slips cotton aloe vera caja 56 uds,dia.es,28020,3.49,https://www.dia.es/product_images/218511/218511_ISO_0_ES.jpg?imwidth=392,cuidado_personal|cuidado_intimo
25859556,Ambientador de coche beb칠 y colonia Cristalinas 1 ud.,carrefour.es,28020,3.69,Ambientador de coche beb칠 y colonia Cristalinas 1 ud.,limpieza_y_hogar|ambientadores|coche
25860058,Dent칤frico Herbal Fresh Parodontax pack de 2 unidades de 75 ml.,carrefour.es,28020,8.99,https://static.carrefour.es/hd_510x_/img_pim_food/459359_00_1.jpg,parafarmacia|higiene_bucal|pasta_de_dientes
"25860941,""CELTA leche desnatada envase 1,5 lt"",dia.es,28020,1.63,https://lechecelta.com/wp-content/uploads/2022/12/desnatada-1-scaled.webp,despensa|lacteos_y_huevos|leche"
"25865299,""BREKKIES Excel alimento para gatos sabor salm칩n, at칰n y verduras bolsa 1.5 Kg"",dia.es,28020,5.39,https://www.dia.es/product_images/151720/151720_ISO_0_ES.jpg,mascotas|gatos"
25869694,Perfilador de ojos Waterproof Deliplus 07 verde turquesa,mercadona.es,28020,2.5,https://prod-mercadona.imgix.net/images/313414792cd3bd6d3b7db3af3abd0bfc.jpg?fit=crop&h=600&w=600,maquillaje|ojos
25868706,Aftersun Mono칦,mercadona.es,28020,3.6,https://a2.soysuper.com/9fdf0239c8e1cf95baee902e5d7cdf62.1500.0.0.0.wmark.1faf9c8c.jpg,cuidado_facial_y_corporal|protector_solar_y_aftersun
25863958,COLOR SENSATION tinte Rojo Intenso N췈 6.60 caja 1 ud,dia.es,28020,4.59,https://www.familiaonline.es/images/15112162.jpg,cuidado_personal|bano_e_higiene_personal|cuidado_del_cabello
25855257,Queso gouda en lonchas Margui 300 g.,carrefour.es,28020,3.09,https://www.tutrebol.es/112287/queso-gouda-lonchas-margui-300-gr.jpg,productos_frescos|quesos|gouda_y_emmental
25860416,SELECCI칍N DE DIA pollo limpio entero unidad (peso aprox. 1.7 Kg),dia.es,28020,5.7,https://www.dia.es/product_images/6423/6423_ISO_0_ES.jpg,frescos|carne|pollo
25863740,DIA MARI MARINERA merluza rebozada al huevo MSC caja 340 gr,dia.es,28020,2.69,https://www.dia.es/product_images/207586/207586_ISO_1_ES.jpg,congelados|pescado_y_marisco
25861459,WEIKIS con pepitas de chocolate con leche bolsa 240 gr,dia.es,28020,2.99,https://www.dia.es/product_images/100947/100947_ISO_0_ES.jpg,despensa|desayunos_y_dulces|bolleria
25863010,LA SAGRA cerveza bohemia lager lata 33 cl,dia.es,28020,0.79,https://sgfm.elcorteingles.es/SGFM/dctm/MEDIA03/202412/10/00118603003825____9__600x600.jpg,bebidas|cervezas|nacionales
25868741,Chicle reductor con zinc y probi칩tico Deliplus sabor menta suave gragea,mercadona.es,28020,3.95,https://encrypted-tbn0.gstatic.com/images?q=tbn:ANd9GcTT73aIud29WGpiiqKSEQ6yglCK-43-5aaFYQ&s,fitoterapia_y_parafarmacia|fitoterapia
25868973,Huevos de gallinas criadas en el suelo,mercadona.es,28020,2.4,https://www.elnacional.cat/uploads/s1/19/20/51/54/huevos-de-gallinas-criadas-en-el-suelo-de-la-mondejana.jpeg,huevos_leche_y_mantequilla|huevos
25868421,Compresa sin alas normal Evax fina y segura,mercadona.es,28020,1.84,https://images.ctfassets.net/2xqd91f05hv2/ZkrDH3ZsSveLL1rjUlKa3/e258f03e29c4167dbc112ea9bffdd7a8/08410108006682_C1C1_16ct.png?fm=webp,cuidado_facial_y_corporal|higiene_intima
25863443,JAGERMEISTER licor botella 70 cl,dia.es,28020,13.0,https://sgfm.elcorteingles.es/SGFM/dctm/MEDIA03/201712/04/00118721900811____6__600x600.jpg,bodega|licores|de_hierbas
25865593,Bebida energ칠tica original Burn,mercadona.es,28020,1.0,https://www.dia.es/product_images/144030/144030_ISO_0_ES.jpg,agua_y_refrescos|isotonico_y_energetico
25868936,Espinacas cortadas,mercadona.es,28020,1.2,https://prod-mercadona.imgix.net/images/652d843ed52e1271a7babf8d32e43d8f.jpg?fit=crop&h=600&w=600,fruta_y_verdura|verdura
25869709,Perfilador de cejas micro Deliplus 02 oscuro,mercadona.es,28020,3.5,https://prod-mercadona.imgix.net/images/c91ed3f59db927e6d38ffca569848f18.jpg?fit=crop&h=600&w=600,maquillaje|ojos
25859677,Ceras Alpino Surtidos 12 uds,carrefour.es,28020,3.99,https://www.carlin.es/product/resources/img/products/multi/77541_s3_70b1f.jpg,limpieza_y_hogar|papeleria|colorear
25865200,FRISKIES Purina alimento para perro active bolsa 3 Kg,dia.es,28020,8.45,https://www.dia.es/product_images/180626/180626_ISO_0_ES.jpg,mascotas|perros
25865234,BREKKIES alimento para perros mini con pollo y verduras bolsa 3 Kg,dia.es,28020,10.39,https://m.media-amazon.com/images/I/91Xw16I1HHL.jpg,mascotas|perros
25861516,NESCAFE caf칠 descafeinado caja 10 sobres,dia.es,28020,1.69,https://cache3.materialescolar.es/3033241-large_default/cafe-nescafe-descafeinado-sobres-72333.jpg,despensa|desayunos_y_dulces|cafe
25866315,Cerveza sin gluten Steinburg,mercadona.es,28020,7.92,https://dx7csy7aghu7b.cloudfront.net/prods/21752.webp,bodega|cerveza
25865529,Agua mineral grande Nestl칠 Aquarel,mercadona.es,28020,0.59,https://encrypted-tbn0.gstatic.com/images?q=tbn:ANd9GcT78l93TFUNklzL3UWJB8gvvMADe2KX5Tb9vQ&s,agua_y_refrescos|agua
25865544,Agua mineral peque침a Aguadoy tap칩n infantil,mercadona.es,28020,1.32,https://encrypted-tbn0.gstatic.com/images?q=tbn:ANd9GcTOtvdZYlQybeGfvN78Fzwnu6Z_N-WerKqqpQ&s,agua_y_refrescos|agua
25869360,Crema limpiadora Vitrocer치micas Vitroclen 5 en 1,mercadona.es,28020,4.9,https://prod-mercadona.imgix.net/images/ddd76867325a12438e3ad6a68fb0e143.jpg?fit=crop&h=600&w=600,limpieza_y_hogar|limpieza_cocina
25859725,Anticongelante/Refrigerante 10% Carrefour 5L Protege hasta -4췈,carrefour.es,28020,5.85,https://static.carrefour.es/hd_510x_/crs/cdn_static/catalog/hd/147085_00_1.jpg,limpieza_y_hogar|bazar|automovil
25860383,DIA AL PUNTO hummus de pimiento tarrina 220 gr,dia.es,28020,1.35,https://www.dia.es/product_images/278850/278850_ISO_0_ES.jpg,platos_preparados|legumbres
25855103,Paleta en lonchas bodega Se침orio de Ioar  300 g.,carrefour.es,28020,4.19,https://a1.soysuper.com/b84e21f0ec031db9fb0af56979b9684f.1500.0.0.0.wmark.3d13ab22.jpg,productos_frescos|charcuteria|tablas_y_surtidos
25859482,Papel aluminio Carrefour 50 metros,carrefour.es,28020,4.15,https://static.carrefour.es/hd_510x_/img_pim_food/697644_00_1.jpg,limpieza_y_hogar|conservacion_de_alimentos|film_transparente
25864463,DIA IMAQE Naturals crema solar facial con filtro mineral spf 50 tubo 50 ml,dia.es,28020,5.99,https://www.dia.es/product_images/274514/274514_ISO_0_ES.jpg,cuidado_personal|cuidado_corporal|crema_solar
25864230,DIA IMAQE gel de ducha aloe vera bote 750 ml,dia.es,28020,1.45,https://m.media-amazon.com/images/I/61nIvx4iZKL._AC_SR175,263_QL70_.jpg,cuidado_personal|bano_e_higiene_personal|geles_de_duchas_y_esponjas
25857721,Nachos cl치sicos Sensation Carrefour sin gluten 200 g.,carrefour.es,28020,1.5,https://a1.soysuper.com/49c05c151ed44234113a2ccb9841fe8b.1500.0.0.0.wmark.8c6f839d.jpg,la_despensa|aperitivos|snacks
25867882,S칠rum Plex Repair Deliplus cabello muy da침ado,mercadona.es,28020,4.0,https://www.elmira.es/media/elmira/images/2025/03/01/2025030103105523427.jpg,cuidado_del_cabello|acondicionador_y_mascarilla
25863479,BERONIA vino tinto DO Rioja botella 75 cl,dia.es,28020,15.55,https://sgfm.elcorteingles.es/SGFM/dctm/MEDIA03/202311/10/00118703100463____7__600x600.jpg,bodega|vino|tinto
25868999,Leche desnatada Hacendado,mercadona.es,28020,5.34,https://prod-mercadona.imgix.net/images/40b9fc5096d638d3e3fe2c5d4f8eb1d8.jpg?fit=crop&h=600&w=600,huevos_leche_y_mantequilla|leche_y_bebidas_vegetales
25864531,CAREFREE toallitas 칤ntimas con aloe vera bolsa 20 ud,dia.es,28020,3.49,https://ladrogueria.com/92015-large_default/toallitas-intimas-20-ud-aloe.jpg,cuidado_personal|cuidado_intimo
25862196,GALLINA BLANCA caldo de carne 100% natural envase 1 lt,dia.es,28020,2.19,https://sgfm.elcorteingles.es/SGFM/dctm/MEDIA03/202209/28/00118002002683____4__325x325.jpg,despensa|sopas|caldos
25854584,Mejill칩n tigre relleno congelado Carrefour 400 g,carrefour.es,28020,3.95,https://static.carrefour.es/hd_510x_/img_pim_food/310328_00_1.jpg,productos_frescos|pescaderia|preparados_y_elaborados_de_pescado_y_marisco
25865179,XTERMIN insecticida el칠ctrico antimosquitos recambio 1 ud,dia.es,28020,2.29,https://www.dia.es/product_images/263925/263925_ISO_0_ES.jpg,cuidado_del_hogar|insecticidas
25859056,Detergente liquido Total 3+1 Dixan 46 lavados.,carrefour.es,28020,9.75,https://a2.soysuper.com/9bc3a563228cabb24e545f78075deb60.1500.0.0.0.wmark.e32677a4.jpg,limpieza_y_hogar|cuidado_de_la_ropa|detergentes
25869523,Pinzas de pl치stico Bosque Verde gigantes,mercadona.es,28020,1.25,https://a2.soysuper.com/2d3f347748cc8b5fd790fa9b79ed6692.1500.0.0.0.wmark.c8a462f2.jpg,limpieza_y_hogar|utensilios_de_limpieza_y_calzado
25856929,Sirope de agave ecol칩gico Carrefour Bio 250 ml.,carrefour.es,28020,2.69,https://static.carrefour.es/hd_510x_/img_pim_food/302650_00_1.jpg,la_despensa|dulce_y_desayuno|siropes_aromas_y_decoracion
25866165,Cebolla caramelizada Hacendado,mercadona.es,28020,2.0,https://prod-mercadona.imgix.net/images/5d20cfb914960bda6a9a576c332c3da9.jpg?fit=crop&h=600&w=600,azucar_caramelos_y_chocolate|mermelada_y_miel
25860905,Cilantro 20 gr,dia.es,28020,1.19,https://www.dia.es/product_images/233088/233088_ISO_0_ES.jpg?imwidth=392,frescos|verduras_y_hortalizas|otras_verduras
25866818,Lomo de cerdo adobado familiar,mercadona.es,28020,6.17,https://prod-mercadona.imgix.net/images/d274486a0c5de244af92e7ae4d6fccf2.jpg?fit=crop&h=600&w=600,carne|cerdo
25869726,Sombra de ojos Long Lasting Deliplus 02,mercadona.es,28020,4.25,https://encrypted-tbn0.gstatic.com/images?q=tbn:ANd9GcTorzNSX973Pm1Nz18XGK1Eg7oFZ4hKcMQJBA&s,maquillaje|ojos
25859846,Jab칩n de manos l칤quido Original Dove 250 ml.,carrefour.es,28020,2.79,https://encrypted-tbn0.gstatic.com/images?q=tbn:ANd9GcQ8BxBxLxSBo4328fKewuTnR3Qa71gA4igMPA&s,perfumeria_e_higiene|bano_e_higiene_corporal|jabon_de_manos
25870222,Pan mo침o rebanado,mercadona.es,28020,1.39,https://a0.soysuper.com/e63bf91f57e0de4d0b9623af2fbf09ed.1500.0.0.0.wmark.01c92fdc.jpg,panaderia_y_pasteleria|pan_de_horno
25868961,Sopa juliana para micro,mercadona.es,28020,1.35,https://prod-mercadona.imgix.net/images/a3a207307b8a10996dbbb2e7f8f632c9.jpg?fit=crop&h=600&w=600,fruta_y_verdura|verdura
25868298,Desodorante cuidado aloe Deliplus,mercadona.es,28020,1.6,https://dx7csy7aghu7b.cloudfront.net/prods/20211.webp,cuidado_facial_y_corporal|desodorante
25858210,Cerveza artesana Carrefour Sensation Rubia sin filtrar botella 33 cl.,carrefour.es,28020,0.99,https://static.carrefour.es/hd_510x_/img_pim_food/573257_00_1.jpg,bebidas|cerveza|artesanas
25859032,Cider Ladr칩n de manzanas sabor manzana verde botella 25 cl.,carrefour.es,28020,1.31,https://sgfm.elcorteingles.es/SGFM/dctm/MEDIA03/202305/24/00118618300422____6__600x600.jpg,bebidas|sidra|cider
25868881,Ajos morados,mercadona.es,28020,1.91,https://ajo-negro.es/wp-content/uploads/2018/07/ajos-centro.jpg,fruta_y_verdura|verdura
25857828,Clara de huevo liquido pasteurizado Roig 500 ml.,carrefour.es,28020,2.4,https://static.carrefour.es/hd_510x_/img_pim_food/227991_00_1.jpg,la_despensa|huevos|claras_de_huevo
25864545,TAMPAX Pearl tamp칩n super plus caja 24 uds,dia.es,28020,4.39,https://sgfm.elcorteingles.es/SGFM/dctm/MEDIA03/202410/25/00155761500549____27__600x600.jpg,cuidado_personal|cuidado_intimo
25868171,Leche facial limpiadora Facial Clean Deliplus,mercadona.es,28020,1.5,https://dx7csy7aghu7b.cloudfront.net/prods/19586.webp,cuidado_facial_y_corporal|cuidado_e_higiene_facial
25865333,BIAZOO barritas con fruta para canarios bolsa 2 uds 60 gr,dia.es,28020,1.29,https://www.tutrebol.es/68294-thickbox_default/comida-pajaros-barritas-frutacereales-biazoo-2-un.jpg,mascotas|otros_animales
25867656,4,mercadona.es,28020,1.44,https://tienda.mercadona.es/product/61248/coles-bruselas-hacendado-ultracongeladas-paquete,congelados|verdura
25867080,Pechuga de pavo al horno de le침a Campofr칤o lonchas,mercadona.es,28020,1.75,https://prod-mercadona.imgix.net/images/4d0aeb86816023033231a708eeb0f7cb.jpg?fit=crop&h=600&w=600,charcuteria_y_quesos|aves_y_jamon_cocido
25862990,DIA RAMBLERS cerveza lager lata 33 cl PACK 12,dia.es,28020,3.96,https://www.dia.es/product_images/192P12/192P12_ISO_0_ES.jpg,bebidas|cervezas|nacionales
25862933,AQUAREL agua mineral natural botella tap칩n sport 75 cl,dia.es,28020,0.69,https://supermercado.eroski.es/images/22246318.jpg,bebidas|aguas
25863835,LA CONFIANZA hielo picado bolsa 2 Kg,dia.es,28020,1.19,https://m.media-amazon.com/images/I/81VkazMWnWL._AC_UF894,1000_QL80_.jpg,congelados|hielo
25866671,Infusi칩n Dormir Hacendado,mercadona.es,28020,1.1,https://prod-mercadona.imgix.net/images/7250f111d492a028debc378bed3d7687.jpg?fit=crop&h=600&w=600,cacao_cafe_e_infusiones|te_e_infusiones
25861175,DHUL flan de huevo al ba침o mar칤a pack 4 unidades 110 g,dia.es,28020,2.89,https://sgfm.elcorteingles.es/SGFM/dctm/MEDIA03/202411/26/00118820800193____11__325x325.jpg,despensa|lacteos_y_huevos|postres
25860460,Lomo adobado al horno bandeja 330 gr,dia.es,28020,3.19,https://www.dia.es/product_images/1372/1372_ISO_0_ES.jpg,frescos|carne|cerdo
25858725,Brandy de Jerez Magno solera reserva 1 l.,carrefour.es,28020,16.25,https://static.carrefour.es/hd_510x_/img_pim_food/679095_00_1.jpg,bebidas|alcoholes|brandy_y_conac
25865193,PEDIGREE pat칠 para perros con pollo lata 800 gr,dia.es,28020,4.29,https://piensoymascotas.com/22331-thickbox_default/pedigree-lata-pollo.jpg,mascotas|perros
"25859700,""Pilas Alcalinas de bot칩n LR44 Duracell Especiales, paquete de 2"",carrefour.es,28020,2.25,https://static.carrefour.es/hd_510x_/crs/cdn_static/catalog/hd/936485_00_1.jpg,limpieza_y_hogar|bazar|pilas"
25870657,Fruta + leche tropical Hacendado,mercadona.es,28020,1.0,https://a0.soysuper.com/e9f31bb2e8ee799d0fc50b535a18ee9e.1500.0.0.0.wmark.b2a255c7.jpg,zumos|fruta_variada
25861670,AZUCARERA az칰car blanco paquete 1 Kg,dia.es,28020,1.45,https://sgfm.elcorteingles.es/SGFM/dctm/MEDIA03/202002/05/00120930500044____2__600x600.jpg,despensa|desayunos_y_dulces|azucar_y_edulcorantes
25856024,Caf칠 latte macchiato caramelo Carrefour sin gluten 250 ml.,carrefour.es,28020,0.91,https://static.carrefour.es/hd_510x_/img_pim_food/322772_00_1.jpg,la_despensa|lacteos|listo_para_beber
25868756,Tiras protectoras infantiles de pl치stico Doctor San resistentes al agua,mercadona.es,28020,1.05,https://seatcienfuegos.es/wp-content/uploads/2024/08/Tiras-protectoras-infantiles-de-plastico-Doctor-San-resistentes-al-agua.jpg,fitoterapia_y_parafarmacia|parafarmacia
25870629,Yogur natural Danone,mercadona.es,28020,1.9,https://sgfm.elcorteingles.es/SGFM/dctm/MEDIA03/202403/12/00118820101303____22__600x600.jpg,postres_y_yogures|yogures_naturales_y_sabores
25864163,BONTE guante exfoliante bolsa 1 ud,dia.es,28020,2.25,https://www.dia.es/product_images/127590/127590_ISO_0_ES.jpg,cuidado_personal|bano_e_higiene_personal|geles_de_duchas_y_esponjas
25870013,Pat칠 perro adulto Delikuit con salm칩n y verduras,mercadona.es,28020,1.1,https://prod-mercadona.imgix.net/images/307605111fd904c84b4ae5b405da79e5.jpg?fit=crop&h=600&w=600,mascotas|perro
25866201,Preparado l치cteo crecimiento Peques 3 Puleva,mercadona.es,28020,1.85,https://static.condisline.com/resize_1280x1024/images/catalog/large/123119.jpg,bebe|alimentacion_infantil
25859191,Lavavajillas a m치quina en pastillas Classic Carrefour Expert 50 ud.,carrefour.es,28020,3.89,https://static.carrefour.es/hd_510x_/img_pim_food/073479_00_1.jpg,limpieza_y_hogar|productos_para_cocina|lavavajillas_a_maquina
25868360,Dent칤frico Blanqueante Sensodyne,mercadona.es,28020,3.85,https://i-cf65.ch-static.com/content/dam/cf-consumer-healthcare/sensodyne-v3/es_ES/Product-pages/products/Gentle-Whitening530x168.png?auto=format,cuidado_facial_y_corporal|higiene_bucal
25866597,Caf칠 en c치psula cappuccino Dolce Gusto,mercadona.es,28020,4.89,https://www.dolce-gusto.es/media/catalog/product/cache/4b5c5c0be09d7202cb17c051ea72e4e7/h/e/heroimage_bev0000052.png,cacao_cafe_e_infusiones|cafe_capsula_y_monodosis
25867770,Esp치rragos muy gruesos Alforja enteros,mercadona.es,28020,5.5,https://a2.soysuper.com/d07e3bc584d0a2686513170afc0b07b0.1500.0.0.0.wmark.2476b638.jpg,conservas_caldos_y_cremas|conservas_de_verdura_y_frutas
25868172,Esponja facial desmaquillante Deliplus vegetal,mercadona.es,28020,1.15,https://prod-mercadona.imgix.net/images/5db47e78999df7bc6bb1af16a23020a9.jpg?fit=crop&h=600&w=600,cuidado_facial_y_corporal|cuidado_e_higiene_facial
25854788,Hierbabuena  manojo de 100 g,carrefour.es,28020,1.39,https://sgfm.elcorteingles.es/SGFM/dctm/MEDIA03/202006/22/00118145201333____1__600x600.jpg,productos_frescos|verduras_y_hortalizas|hierbas_aromaticas_y_especias
25861088,DIA LACTEA petit pouche de fresa pack 4 unidades 80 gr,dia.es,28020,1.95,https://www.dia.es/product_images/265284/265284_ISO_0_ES.jpg,despensa|lacteos_y_huevos|yogures
25862180,DIA VEGECAMPO pimientos del piquillo enteros al natural frasco 260 gr,dia.es,28020,1.29,https://www.dia.es/product_images/215665/215665_ISO_0_ES.jpg?imwidth=392,despensa|conservas|conservas_vegetales
25868237,Bandas de cera cuerpo y piernas Pure Veet piel sensible,mercadona.es,28020,5.5,https://www.maquillalia.com/images/productos/veet-bandas-de-cera-depilatoria-piernas-y-cuerpo-pure-pieles-sensibles-40u-1-69534.jpeg,cuidado_facial_y_corporal|depilacion
25865645,Refresco de lim칩n Hacendado zero az칰car fresh gas,mercadona.es,28020,0.87,https://prod-mercadona.imgix.net/images/23f39916dc4c566b2118b78b125f2ab1.jpg?fit=crop&h=600&w=600,agua_y_refrescos|refresco_de_naranja_y_de_limon
"25863759,""DIA VEGECAMPO br칩coli, coliflor y zanahoria bolsa 1 kg"",dia.es,28020,1.69,https://www.dia.es/product_images/265079/265079_ISO_0_ES.jpg,congelados|verduras_y_hortalizas"
25865935,Spaghetti al huevo Hacendado,mercadona.es,28020,1.29,https://prod-mercadona.imgix.net/images/b26f3111a8c49a4c6f8b105e46a65c6e.jpg?fit=crop&h=600&w=600,arroz_legumbres_y_pasta|pasta_y_fideos
25861099,DANONE DANONINO maxi petit fresa y pl치tano pack 4 unidades 100 gr,dia.es,28020,2.11,https://sgfm.elcorteingles.es/SGFM/dctm/MEDIA03/202410/31/00118821000413____29__600x600.jpg,despensa|lacteos_y_huevos|yogures
25860133,Gel de mano hidroalcoh칩lico 70% alcohol perfume lim칩n Carrefour 500 ml.,carrefour.es,28020,3.95,https://a0.soysuper.com/7b4f5954aeebf0046d304c5be7b72d63.1500.0.0.0.wmark.28385b15.jpg,parafarmacia|botiquin|geles_hidroalcoholicos
25862033,ALBO sardinas picantonas lata 85 gr,dia.es,28020,1.99,https://www.despensa.es/documents/10180/10736/031322_G.jpg,despensa|conservas|conservas_de_pescado
"25860380,""BONDUELLE lunch bowl de lentejas, pimento rojo, berenjena y cherry bolsa 250 gr"",dia.es,28020,2.89,https://www.dia.es/product_images/277677/277677_ISO_0_ES.jpg?imwidth=392,platos_preparados|legumbres"
25865820,D치tiles desecados sin hueso Hacendado,mercadona.es,28020,2.16,https://prod-mercadona.imgix.net/images/748aca1ffbd304b26299c4727450422d.jpg?fit=crop&h=600&w=600,aperitivos|frutos_secos_y_fruta_desecada
"25866466,""Tinto de verano 0,0% sin alcohol lim칩n Don Sim칩n"",mercadona.es,28020,1.55,https://sgfm.elcorteingles.es/SGFM/dctm/MEDIA03/202202/03/00118628200505____6__600x600.jpg,bodega|tinto_de_verano_y_sangria"
25862909,VICHY CATALAN agua mineral con gas botella 1 lt,dia.es,28020,1.55,https://sgfm.elcorteingles.es/SGFM/dctm/MEDIA03/202305/22/00118631900067____2__600x600.jpg,bebidas|aguas
25860325,DIA AL PUNTO pizza serrana envase 390 gr,dia.es,28020,2.75,https://www.dia.es/product_images/226508/226508_ISO_0_ES.jpg,platos_preparados|pizzas_refrigeradas
25868013,Coloraci칩n permanente 8.77 rubio claro marr칩n intenso Deliplus 0% amon칤aco,mercadona.es,28020,3.9,https://dx7csy7aghu7b.cloudfront.net/prods/19531.webp,cuidado_del_cabello|coloracion_cabello
25864563,BONTE compresa de incontinencia para p칠rdidas leves paquete 30 uds,dia.es,28020,4.19,https://m.media-amazon.com/images/I/81sGXxJOLJL._AC_UF894,1000_QL80_.jpg,cuidado_personal|cuidado_intimo
25860054,Toallitas h칰medas Chicco pack 2 unidades de 72 ud.,carrefour.es,28020,4.49,https://a2.soysuper.com/2a53120890e89f228c49d257b217b99b.1500.0.0.0.wmark.f9322209.jpg,parafarmacia|bebe|toallitas_bebe
25868968,Huevos grandes L,mercadona.es,28020,1.2,https://a2.soysuper.com/d3961c6b2525ae3c247bc23cbec85e82.1500.0.0.0.wmark.610d4483.jpg,huevos_leche_y_mantequilla|huevos
25862508,DIA SALSEO ketchup light bote 540 gr,dia.es,28020,1.49,https://www.dia.es/product_images/74771/74771_ISO_0_ES.jpg,despensa|salsas|mayonesa_y_otras_salsas
"25863125,""DIA RAMBLERS cerveza 0,0% alcohol lata 33 cl"",dia.es,28020,0.4,https://www.dia.es/product_images/54701/54701_ISO_0_ES.jpg?imwidth=392,bebidas|cervezas|sin_alcohol"
25865557,Agua mineral con gas grande Parot,mercadona.es,28020,0.74,https://prod-mercadona.imgix.net/images/2c05abc6c531b2de95877ce3e11b2396.jpg,agua_y_refrescos|agua
25858069,Filetes de bacalao ultracongelado Pescanova 400 g.,carrefour.es,28020,7.95,https://static.carrefour.es/hd_510x_/img_pim_food/429074_00_1.jpg,congelados|rebozados_y_platos_preparados|pescados_congelados
25865527,Agua mineral grande Nestl칠 Aquarel,mercadona.es,28020,1.69,https://encrypted-tbn0.gstatic.com/images?q=tbn:ANd9GcT78l93TFUNklzL3UWJB8gvvMADe2KX5Tb9vQ&s,agua_y_refrescos|agua
25862184,LITORAL callos a la madrile침a lata 380 gr,dia.es,28020,4.89,https://www.dia.es/product_images/46587/46587_ISO_0_ES.jpg,despensa|conservas|conservas_de_carne
"25865355,""Aceite de oliva 0,4췈 Hacendado"",mercadona.es,28020,23.63,https://prod-mercadona.imgix.net/images/c1788076223b499bd260c6a03d89b087.jpg?fit=crop&h=600&w=600,aceite_especias_y_salsas|aceite_vinagre_y_sal"
25869926,Rodaballo a filetes y sin piel,mercadona.es,28020,11.38,https://a1.soysuper.com/2999203948081d82bf1e5977c894c21d.1500.0.0.0.wmark.5ccd6323.jpg,marisco_y_pescado|pescado_fresco
25869396,Abrillantador lavavajillas l칤quido Bosque Verde,mercadona.es,28020,1.2,https://prod-mercadona.imgix.net/images/2aa2364f8069ec82873d2772f7090da6.jpg?fit=crop&h=600&w=600,limpieza_y_hogar|limpieza_vajilla
25863820,MAGNUM helado bomb칩n after dinner classic caja 10 uds 290 gr,dia.es,28020,5.69,https://www.dia.es/product_images/37443/37443_ISO_0_ES.jpg?imwidth=392,congelados|helados
25864255,BONTE agua oxigenada vol. 10 botella 250 ml,dia.es,28020,0.69,https://www.dia.es/product_images/63738/63738_ISO_0_ES.jpg?imwidth=392,cuidado_personal|botiquin
25861678,ORBIT chicle grageas sabor fresa paquete 5 uds,dia.es,28020,2.95,https://clarel.imgix.net/media/catalog/product/6/5/65606_1_d1b6.jpg,despensa|desayunos_y_dulces|caramelos_chicles_y_golosinas
25860444,Filetes de pechuga de pollo de anta침o bandeja 400 gr,dia.es,28020,3.8,https://www.dia.es/product_images/243944/243944_ISO_0_ES.jpg,frescos|carne|pollo
25865816,Pasas moscatel sin semillas Hacendado,mercadona.es,28020,1.54,https://prod-mercadona.imgix.net/images/43cb5b2b51525f9a1ca7ed04c2fd5d5e.jpg?fit=crop&h=600&w=600,aperitivos|frutos_secos_y_fruta_desecada
"25869979,""Comida gato esterilizado light Supreme Compy con pollo fresco, frutas y verduras"",mercadona.es,28020,5.3,https://prod-mercadona.imgix.net/images/296a54eb252f2552345e581cf83f8b92.jpg?fit=crop&h=600&w=600,mascotas|gato"
25868682,Protector solar ni침os Nivea FPS 50+,mercadona.es,28020,14.95,https://cdn2.primor.eu/media/catalog/product/cache/8d3aba296f7a18b5251ee30fa5db42b2/4/0/4005900908865_1309.jpg,cuidado_facial_y_corporal|protector_solar_y_aftersun
25867559,Pizza americana rellena de cheddar Hacendado ultracongelada,mercadona.es,28020,3.7,https://prod-mercadona.imgix.net/images/2933e2ae754108494879a6553215be70.jpg?fit=crop&h=600&w=600,congelados|pizzas
25867728,Ma칤z dulce Hacendado,mercadona.es,28020,1.2,https://prod-mercadona.imgix.net/images/dc4f4afd3f87a6f5ba3c1592752a306b.jpg?fit=crop&h=600&w=600,conservas_caldos_y_cremas|conservas_de_verdura_y_frutas
25858673,Whisky Johnnie Walker escoc칠s 1 l.,carrefour.es,28020,20.24,https://vinosonline.es/4425-thickbox_default/johnnie-walker-red-label-1l.jpg,bebidas|alcoholes|whisky_y_bourbon
25867722,Mejillones en escabeche Hacendado medianos,mercadona.es,28020,2.2,https://prod-mercadona.imgix.net/images/fae302fdbab0be6efd926988ec0bacaf.jpg?fit=crop&h=600&w=600,conservas_caldos_y_cremas|berberechos_y_mejillones
25863522,VI칌A TABORA vino tinto de la tierra de extremadura caja 3 lt,dia.es,28020,4.99,https://www.dia.es/product_images/4740/4740_ISO_0_ES.jpg,bodega|vino|tinto
25858986,Piper-Heidsieck Champagne,carrefour.es,28020,34.9,https://www.nuevosvinos.es/975-thickbox_default/champagne-piper-heidsieck-brut.jpg,bebidas|cava_y_champagne|champagne
25863814,MAGNUM helado bomb칩n almendras caja 3 + 1 uds 328 gr,dia.es,28020,3.99,https://www.ahorramas.com/dw/image/v2/BFNH_PRD/on/demandware.static/-/Sites-ahorramas-master/default/dw36d4091b/Assets/016853_C1C1/large/e/0/e/9/e0e9ffbc73d0aad3b36edb7db82b18da7b4b1de6_016853_C1C1.jpg?sh=450&sw=400&sh=400&sm=fit,congelados|helados
25868708,Colagen sabor lim칩n Deliplus,mercadona.es,28020,4.8,https://prod-mercadona.imgix.net/images/b373e369d67ce9234fcc5cd617cbf5df.jpg?fit=crop&h=600&w=600,fitoterapia_y_parafarmacia|fitoterapia
25869611,B치lsamo reparador labios Deliplus,mercadona.es,28020,2.6,https://prod-mercadona.imgix.net/images/6e227a613b154d85d352138fa49b2b90.jpg?fit=crop&h=600&w=600,maquillaje|labios
25862116,CARRETILLA esp치rragos blancos cortos gruesos frasco 110 gr,dia.es,28020,3.25,https://sgfm.elcorteingles.es/SGFM/dctm/MEDIA03/202311/30/00118023701214____5__325x325.jpg,despensa|conservas|conservas_vegetales
25870661,Fruta + leche Mediterr치neo Hacendado,mercadona.es,28020,1.0,https://dx7csy7aghu7b.cloudfront.net/prods/23536.webp,zumos|fruta_variada
25863960,FLEX crema suavizante con keratina cabello seco o da침ado bote 650 ml,dia.es,28020,3.49,https://www.dia.es/product_images/151918/151918_ISO_0_ES.jpg,cuidado_personal|bano_e_higiene_personal|cuidado_del_cabello
25864372,DOVE crema de manos con aceite de coco y almendras tubo 75 ml,dia.es,28020,3.29,https://www.dia.es/product_images/246233/246233_ISO_0_ES.jpg?imwidth=392,cuidado_personal|cuidado_corporal|cuidado_de_manos_y_pies
25857951,Salteado verdura campestres Carrefour 600 g.,carrefour.es,28020,1.35,https://static.carrefour.es/hd_510x_/img_pim_food/813451_00_1.jpg,congelados|rebozados_y_platos_preparados|salteados_congelados
25864142,DIA IMAQE Man desodorante dry & protect roll on 50 ml,dia.es,28020,0.85,https://www.dia.es/product_images/274585/274585_ISO_0_ES.jpg,cuidado_personal|bano_e_higiene_personal|desodorantes
25867946,Mascarilla cabello Reviva chocolate Deliplus,mercadona.es,28020,2.1,https://m.media-amazon.com/images/I/41iEgPSoj+L._AC_UF894,1000_QL80_.jpg,cuidado_del_cabello|coloracion_cabello
25855501,Croquetas caseras de bacalao 295 g,carrefour.es,28020,4.0,https://static.carrefour.es/hd_510x_/img_pim_food/372010_00_1.jpg,productos_frescos|platos_preparados|fritos
25868427,Compresa con alas super Ausonia,mercadona.es,28020,2.79,https://www.druni.es/media/catalog/product/1/2/1231115.jpg,cuidado_facial_y_corporal|higiene_intima
25869313,Friegasuelos Flor de Cerezo Bosque Verde l칤quido,mercadona.es,28020,0.95,https://a2.soysuper.com/676f1cdf1e7d9cdf64d94a750f5a1083.1500.0.0.0.wmark.ce2b9a89.jpg,limpieza_y_hogar|limpiahogar_y_friegasuelos
25868248,Maquinilla depilaci칩n recargable Venus Breeze Comfortglide Gillette 3 hojas,mercadona.es,28020,7.95,https://dx7csy7aghu7b.cloudfront.net/prods/23477.webp,cuidado_facial_y_corporal|depilacion
25854900,Jam칩n Cocido Extra en finas lochas Casa Tarradellas sin gluten 125 g,carrefour.es,28020,2.05,https://sgfm.elcorteingles.es/SGFM/dctm/MEDIA03/202309/08/00118381600164____9__600x600.jpg,productos_frescos|charcuteria|jamon_cocido_y_lacon
25863930,PANTENE Pro-v champ칰 cl치sico bote 225 ml,dia.es,28020,3.19,https://m.media-amazon.com/images/I/41KJ1B+G8xL.jpg,cuidado_personal|bano_e_higiene_personal|champus
25870527,Gelatina sabor fresa Hacendado,mercadona.es,28020,1.05,https://prod-mercadona.imgix.net/images/ed9e075eb696bab404282ed7088d42db.jpg?fit=crop&h=600&w=600,postres_y_yogures|gelatina_y_otros_postres
25860798,Pera conferencia cesta 1 Kg,dia.es,28020,1.69,https://www.dia.es/product_images/64505/64505_ISO_0_ES.jpg?imwidth=392,frescos|frutas|peras
25866581,Caf칠 en c치psula Colombia Hacendado,mercadona.es,28020,3.65,https://prod-mercadona.imgix.net/images/2e10cf88be65aae55bb5dca24088e75f.jpg?fit=crop&h=600&w=600,cacao_cafe_e_infusiones|cafe_capsula_y_monodosis
25868234,Cera caliente en tarro Deliplus piel sensible,mercadona.es,28020,4.1,https://prod-mercadona.imgix.net/images/d3094c526ea4ab873660f1721471376d.jpg?fit=crop&h=600&w=600,cuidado_facial_y_corporal|depilacion
25867819,Caldo de verduras Hacendado,mercadona.es,28020,1.0,https://prod-mercadona.imgix.net/images/c4cbe46d861d4449ca8ee78df66b1751.jpg?fit=crop&h=600&w=600,conservas_caldos_y_cremas|sopa_y_caldo
"25863950,""COLOR SENSATION tinte Rubio Dorado N췈 7,3 caja 1 ud"",dia.es,28020,4.59,https://encrypted-tbn0.gstatic.com/images?q=tbn:ANd9GcT7rWeo_UM0RGaO-4vCtiNpcGIgMw1-xLJQ_A&s,cuidado_personal|bano_e_higiene_personal|cuidado_del_cabello"
25869336,Limpiador WC Spa Bosque Verde en gel,mercadona.es,28020,1.05,https://prod-mercadona.imgix.net/images/66b6ba2bce806ba6a38550dceb3ba031.jpg?fit=crop&h=600&w=600,limpieza_y_hogar|limpieza_bano_y_wc
25861414,EL MOLINO DE DIA magdalenas cl치sicas bolsa 515 gr,dia.es,28020,2.15,https://www.dia.es/product_images/288020/288020_ISO_0_ES.jpg,despensa|desayunos_y_dulces|bolleria
"25858923,""Tinto de verano con lim칩n botella La Casera 1,5 l."",carrefour.es,28020,2.25,https://sgfm.elcorteingles.es/SGFM/dctm/MEDIA03/202010/15/00118628200356____6__600x600.jpg,bebidas|vinos|sangria_y_tinto_de_verano"
25859471,Papel de aluminio Albal 30 metros.,carrefour.es,28020,5.28,https://static.carrefour.es/hd_510x_/img_pim_food/007736_00_1.jpg,limpieza_y_hogar|conservacion_de_alimentos|papel_de_aluminio
25864627,JOHNSON'S acondicionador gotas de fuerza spray 200 ml,dia.es,28020,4.19,https://images.ctfassets.net/qilztky7jpz1/6ETxDXZQEfZZOHNSSgrWgT/2b41b098c42ce87d6d455c2cae29b888/bebe-gotas-fuerza-acondicionador-spray-es-es,bebe|cuidado_del_bebe
25865411,Molinillo pimienta negra Hacendado,mercadona.es,28020,1.65,https://olefoodmarket.com/cdn/shop/products/25-Molinillo-pimienta-negra-Hacendado.jpg?v=1636544089,aceite_especias_y_salsas|especias
25868676,Lote cosm칠tica infantil Magical,mercadona.es,28020,6.5,https://a1.soysuper.com/85aed7f61a0018de0640d73999215273.1500.0.0.0.wmark.5a1ed602.jpg,cuidado_facial_y_corporal|perfume_y_colonia
25861051,DANONE ACTIVIA b칤fidus cremoso de lima-limon pack 4 unidades 115 gr,dia.es,28020,2.95,https://sgfm.elcorteingles.es/SGFM/dctm/MEDIA03/202502/24/00118823102076____35__600x600.jpg,despensa|lacteos_y_huevos|yogures
25862837,VIVISIMA+ garcinia cambogia envase 40 c치psulas,dia.es,28020,4.49,https://www.dia.es/product_images/184833/184833_ISO_0_ES.jpg?imwidth=392,despensa|dieteticos|complementos_nutricionales
25870320,Panes especiales pipas calabaza Hacendado,mercadona.es,28020,1.0,https://a1.soysuper.com/dc78428bc869c894a06db91f8ef78a05.1500.0.0.0.wmark.a2d5559b.jpg,panaderia_y_pasteleria|picos_rosquilletas_y_picatostes
25863091,VOLL-DAMM cerveza doble malta lata 33 cl,dia.es,28020,0.99,https://sgfm.elcorteingles.es/SGFM/dctm/MEDIA03/202202/02/00118602700082____3__600x600.jpg,bebidas|cervezas|especiales
25857011,Pan tostado cl치sico Carrefour 720 g.,carrefour.es,28020,2.59,https://a1.soysuper.com/db6961a9acde7a5fed97c88333072bc1.1500.0.0.0.wmark.5407d0b8.jpg,la_despensa|panaderia_bolleria_y_pasteleria|pan_tostado_biscottes_y_barritas
25864883,FLOR suavizante concentrado original botella 63 lv,dia.es,28020,3.19,https://antayjesus.com/wp-content/uploads/2023/08/1068195.jpg,cuidado_del_hogar|cuidado_de_la_ropa
25870170,Base de tarta Hacendado,mercadona.es,28020,2.5,https://a2.soysuper.com/50763781416991fbf3290da995423a4b.1500.0.0.0.wmark.54c279c7.jpg,panaderia_y_pasteleria|harina_y_preparado_reposteria
